p25888_i2	Volume of grey matter in Amygdala (left) | Instance 2
p25889_i2	Volume of grey matter in Amygdala (right) | Instance 2
p25822_i2	Volume of grey matter in Angular Gyrus (left) | Instance 2
p25823_i2	Volume of grey matter in Angular Gyrus (right) | Instance 2
p25892_i2	Volume of grey matter in Brain-Stem | Instance 2
p25880_i2	Volume of grey matter in Caudate (left) | Instance 2
p25881_i2	Volume of grey matter in Caudate (right) | Instance 2
p25864_i2	Volume of grey matter in Central Opercular Cortex (left) | Instance 2
p25865_i2	Volume of grey matter in Central Opercular Cortex (right) | Instance 2
p25838_i2	Volume of grey matter in Cingulate Gyrus, anterior division (left) | Instance 2
p25839_i2	Volume of grey matter in Cingulate Gyrus, anterior division (right) | Instance 2
p25840_i2	Volume of grey matter in Cingulate Gyrus, posterior division (left) | Instance 2
p25841_i2	Volume of grey matter in Cingulate Gyrus, posterior division (right) | Instance 2
p25900_i2	Volume of grey matter in Crus I Cerebellum (left) | Instance 2
p25902_i2	Volume of grey matter in Crus I Cerebellum (right) | Instance 2
p25901_i2	Volume of grey matter in Crus I Cerebellum (vermis) | Instance 2
p25903_i2	Volume of grey matter in Crus II Cerebellum (left) | Instance 2
p25905_i2	Volume of grey matter in Crus II Cerebellum (right) | Instance 2
p25904_i2	Volume of grey matter in Crus II Cerebellum (vermis) | Instance 2
p25844_i2	Volume of grey matter in Cuneal Cortex (left) | Instance 2
p25845_i2	Volume of grey matter in Cuneal Cortex (right) | Instance 2
p25830_i2	Volume of grey matter in Frontal Medial Cortex (left) | Instance 2
p25831_i2	Volume of grey matter in Frontal Medial Cortex (right) | Instance 2
p25862_i2	Volume of grey matter in Frontal Operculum Cortex (left) | Instance 2
p25863_i2	Volume of grey matter in Frontal Operculum Cortex (right) | Instance 2
p25846_i2	Volume of grey matter in Frontal Orbital Cortex (left) | Instance 2
p25847_i2	Volume of grey matter in Frontal Orbital Cortex (right) | Instance 2
p25782_i2	Volume of grey matter in Frontal Pole (left) | Instance 2
p25783_i2	Volume of grey matter in Frontal Pole (right) | Instance 2
p25870_i2	Volume of grey matter in Heschl's Gyrus (includes H1 and H2) (left) | Instance 2
p25871_i2	Volume of grey matter in Heschl's Gyrus (includes H1 and H2) (right) | Instance 2
p25886_i2	Volume of grey matter in Hippocampus (left) | Instance 2
p25887_i2	Volume of grey matter in Hippocampus (right) | Instance 2
p25893_i2	Volume of grey matter in I-IV Cerebellum (left) | Instance 2
p25894_i2	Volume of grey matter in I-IV Cerebellum (right) | Instance 2
p25915_i2	Volume of grey matter in IX Cerebellum (left) | Instance 2
p25917_i2	Volume of grey matter in IX Cerebellum (right) | Instance 2
p25916_i2	Volume of grey matter in IX Cerebellum (vermis) | Instance 2
p25792_i2	Volume of grey matter in Inferior Frontal Gyrus, pars opercularis (left) | Instance 2
p25793_i2	Volume of grey matter in Inferior Frontal Gyrus, pars opercularis (right) | Instance 2
p25790_i2	Volume of grey matter in Inferior Frontal Gyrus, pars triangularis (left) | Instance 2
p25791_i2	Volume of grey matter in Inferior Frontal Gyrus, pars triangularis (right) | Instance 2
p25808_i2	Volume of grey matter in Inferior Temporal Gyrus, anterior division (left) | Instance 2
p25809_i2	Volume of grey matter in Inferior Temporal Gyrus, anterior division (right) | Instance 2
p25810_i2	Volume of grey matter in Inferior Temporal Gyrus, posterior division (left) | Instance 2
p25811_i2	Volume of grey matter in Inferior Temporal Gyrus, posterior division (right) | Instance 2
p25812_i2	Volume of grey matter in Inferior Temporal Gyrus, temporooccipital part (left) | Instance 2
p25813_i2	Volume of grey matter in Inferior Temporal Gyrus, temporooccipital part (right) | Instance 2
p25784_i2	Volume of grey matter in Insular Cortex (left) | Instance 2
p25785_i2	Volume of grey matter in Insular Cortex (right) | Instance 2
p25828_i2	Volume of grey matter in Intracalcarine Cortex (left) | Instance 2
p25829_i2	Volume of grey matter in Intracalcarine Cortex (right) | Instance 2
p25832_i2	Volume of grey matter in Juxtapositional Lobule Cortex (formerly Supplementary Motor Cortex) (left) | Instance 2
p25833_i2	Volume of grey matter in Juxtapositional Lobule Cortex (formerly Supplementary Motor Cortex) (right) | Instance 2
p25826_i2	Volume of grey matter in Lateral Occipital Cortex, inferior division (left) | Instance 2
p25827_i2	Volume of grey matter in Lateral Occipital Cortex, inferior division (right) | Instance 2
p25824_i2	Volume of grey matter in Lateral Occipital Cortex, superior division (left) | Instance 2
p25825_i2	Volume of grey matter in Lateral Occipital Cortex, superior division (right) | Instance 2
p25852_i2	Volume of grey matter in Lingual Gyrus (left) | Instance 2
p25853_i2	Volume of grey matter in Lingual Gyrus (right) | Instance 2
p25788_i2	Volume of grey matter in Middle Frontal Gyrus (left) | Instance 2
p25789_i2	Volume of grey matter in Middle Frontal Gyrus (right) | Instance 2
p25802_i2	Volume of grey matter in Middle Temporal Gyrus, anterior division (left) | Instance 2
p25803_i2	Volume of grey matter in Middle Temporal Gyrus, anterior division (right) | Instance 2
p25804_i2	Volume of grey matter in Middle Temporal Gyrus, posterior division (left) | Instance 2
p25805_i2	Volume of grey matter in Middle Temporal Gyrus, posterior division (right) | Instance 2
p25806_i2	Volume of grey matter in Middle Temporal Gyrus, temporooccipital part (left) | Instance 2
p25807_i2	Volume of grey matter in Middle Temporal Gyrus, temporooccipital part (right) | Instance 2
p25860_i2	Volume of grey matter in Occipital Fusiform Gyrus (left) | Instance 2
p25861_i2	Volume of grey matter in Occipital Fusiform Gyrus (right) | Instance 2
p25876_i2	Volume of grey matter in Occipital Pole (left) | Instance 2
p25877_i2	Volume of grey matter in Occipital Pole (right) | Instance 2
p25884_i2	Volume of grey matter in Pallidum (left) | Instance 2
p25885_i2	Volume of grey matter in Pallidum (right) | Instance 2
p25836_i2	Volume of grey matter in Paracingulate Gyrus (left) | Instance 2
p25837_i2	Volume of grey matter in Paracingulate Gyrus (right) | Instance 2
p25848_i2	Volume of grey matter in Parahippocampal Gyrus, anterior division (left) | Instance 2
p25849_i2	Volume of grey matter in Parahippocampal Gyrus, anterior division (right) | Instance 2
p25850_i2	Volume of grey matter in Parahippocampal Gyrus, posterior division (left) | Instance 2
p25851_i2	Volume of grey matter in Parahippocampal Gyrus, posterior division (right) | Instance 2
p25866_i2	Volume of grey matter in Parietal Operculum Cortex (left) | Instance 2
p25867_i2	Volume of grey matter in Parietal Operculum Cortex (right) | Instance 2
p25868_i2	Volume of grey matter in Planum Polare (left) | Instance 2
p25869_i2	Volume of grey matter in Planum Polare (right) | Instance 2
p25872_i2	Volume of grey matter in Planum Temporale (left) | Instance 2
p25873_i2	Volume of grey matter in Planum Temporale (right) | Instance 2
p25814_i2	Volume of grey matter in Postcentral Gyrus (left) | Instance 2
p25815_i2	Volume of grey matter in Postcentral Gyrus (right) | Instance 2
p25794_i2	Volume of grey matter in Precentral Gyrus (left) | Instance 2
p25795_i2	Volume of grey matter in Precentral Gyrus (right) | Instance 2
p25842_i2	Volume of grey matter in Precuneous Cortex (left) | Instance 2
p25843_i2	Volume of grey matter in Precuneous Cortex (right) | Instance 2
p25882_i2	Volume of grey matter in Putamen (left) | Instance 2
p25883_i2	Volume of grey matter in Putamen (right) | Instance 2
p25834_i2	Volume of grey matter in Subcallosal Cortex (left) | Instance 2
p25835_i2	Volume of grey matter in Subcallosal Cortex (right) | Instance 2
p25786_i2	Volume of grey matter in Superior Frontal Gyrus (left) | Instance 2
p25787_i2	Volume of grey matter in Superior Frontal Gyrus (right) | Instance 2
p25816_i2	Volume of grey matter in Superior Parietal Lobule (left) | Instance 2
p25817_i2	Volume of grey matter in Superior Parietal Lobule (right) | Instance 2
p25798_i2	Volume of grey matter in Superior Temporal Gyrus, anterior division (left) | Instance 2
p25799_i2	Volume of grey matter in Superior Temporal Gyrus, anterior division (right) | Instance 2
p25800_i2	Volume of grey matter in Superior Temporal Gyrus, posterior division (left) | Instance 2
p25801_i2	Volume of grey matter in Superior Temporal Gyrus, posterior division (right) | Instance 2
p25874_i2	Volume of grey matter in Supracalcarine Cortex (left) | Instance 2
p25875_i2	Volume of grey matter in Supracalcarine Cortex (right) | Instance 2
p25818_i2	Volume of grey matter in Supramarginal Gyrus, anterior division (left) | Instance 2
p25819_i2	Volume of grey matter in Supramarginal Gyrus, anterior division (right) | Instance 2
p25820_i2	Volume of grey matter in Supramarginal Gyrus, posterior division (left) | Instance 2
p25821_i2	Volume of grey matter in Supramarginal Gyrus, posterior division (right) | Instance 2
p25854_i2	Volume of grey matter in Temporal Fusiform Cortex, anterior division (left) | Instance 2
p25855_i2	Volume of grey matter in Temporal Fusiform Cortex, anterior division (right) | Instance 2
p25856_i2	Volume of grey matter in Temporal Fusiform Cortex, posterior division (left) | Instance 2
p25857_i2	Volume of grey matter in Temporal Fusiform Cortex, posterior division (right) | Instance 2
p25858_i2	Volume of grey matter in Temporal Occipital Fusiform Cortex (left) | Instance 2
p25859_i2	Volume of grey matter in Temporal Occipital Fusiform Cortex (right) | Instance 2
p25796_i2	Volume of grey matter in Temporal Pole (left) | Instance 2
p25797_i2	Volume of grey matter in Temporal Pole (right) | Instance 2
p25878_i2	Volume of grey matter in Thalamus (left) | Instance 2
p25879_i2	Volume of grey matter in Thalamus (right) | Instance 2
p25895_i2	Volume of grey matter in V Cerebellum (left) | Instance 2
p25896_i2	Volume of grey matter in V Cerebellum (right) | Instance 2
p25897_i2	Volume of grey matter in VI Cerebellum (left) | Instance 2
p25899_i2	Volume of grey matter in VI Cerebellum (right) | Instance 2
p25898_i2	Volume of grey matter in VI Cerebellum (vermis) | Instance 2
p25909_i2	Volume of grey matter in VIIIa Cerebellum (left) | Instance 2
p25911_i2	Volume of grey matter in VIIIa Cerebellum (right) | Instance 2
p25910_i2	Volume of grey matter in VIIIa Cerebellum (vermis) | Instance 2
p25912_i2	Volume of grey matter in VIIIb Cerebellum (left) | Instance 2
p25914_i2	Volume of grey matter in VIIIb Cerebellum (right) | Instance 2
p25913_i2	Volume of grey matter in VIIIb Cerebellum (vermis) | Instance 2
p25906_i2	Volume of grey matter in VIIb Cerebellum (left) | Instance 2
p25908_i2	Volume of grey matter in VIIb Cerebellum (right) | Instance 2
p25907_i2	Volume of grey matter in VIIb Cerebellum (vermis) | Instance 2
p25890_i2	Volume of grey matter in Ventral Striatum (left) | Instance 2
p25891_i2	Volume of grey matter in Ventral Striatum (right) | Instance 2
p25918_i2	Volume of grey matter in X Cerebellum (left) | Instance 2
p25919_i2	Volume of grey matter in X Cerebellum (vermis) | Instance 2
p25920_i2	Volume of grey matter in X Cerebellum (right) | Instance 2
p25023_i2	Volume of accumbens (left) | Instance 2
p25024_i2	Volume of accumbens (right) | Instance 2
p25021_i2	Volume of amygdala (left) | Instance 2
p25022_i2	Volume of amygdala (right) | Instance 2
p25013_i2	Volume of caudate (left) | Instance 2
p25014_i2	Volume of caudate (right) | Instance 2
p25019_i2	Volume of hippocampus (left) | Instance 2
p25020_i2	Volume of hippocampus (right) | Instance 2
p25017_i2	Volume of pallidum (left) | Instance 2
p25018_i2	Volume of pallidum (right) | Instance 2
p25015_i2	Volume of putamen (left) | Instance 2
p25016_i2	Volume of putamen (right) | Instance 2
p25011_i2	Volume of thalamus (left) | Instance 2
p25012_i2	Volume of thalamus (right) | Instance 2
p26501_i2	Mean intensity of 3rd-Ventricle (whole brain) | Instance 2
p26502_i2	Mean intensity of 4th-Ventricle (whole brain) | Instance 2
p26503_i2	Mean intensity of 5th-Ventricle (whole brain) | Instance 2
p26548_i2	Mean intensity of Accumbens-area (left hemisphere) | Instance 2
p26579_i2	Mean intensity of Accumbens-area (right hemisphere) | Instance 2
p26547_i2	Mean intensity of Amygdala (left hemisphere) | Instance 2
p26578_i2	Mean intensity of Amygdala (right hemisphere) | Instance 2
p26504_i2	Mean intensity of Brain-Stem (whole brain) | Instance 2
p26513_i2	Mean intensity of CC-Anterior (whole brain) | Instance 2
p26511_i2	Mean intensity of CC-Central (whole brain) | Instance 2
p26512_i2	Mean intensity of CC-Mid-Anterior (whole brain) | Instance 2
p26510_i2	Mean intensity of CC-Mid-Posterior (whole brain) | Instance 2
p26509_i2	Mean intensity of CC-Posterior (whole brain) | Instance 2
p26505_i2	Mean intensity of CSF (whole brain) | Instance 2
p26543_i2	Mean intensity of Caudate (left hemisphere) | Instance 2
p26574_i2	Mean intensity of Caudate (right hemisphere) | Instance 2
p26541_i2	Mean intensity of Cerebellum-Cortex (left hemisphere) | Instance 2
p26572_i2	Mean intensity of Cerebellum-Cortex (right hemisphere) | Instance 2
p26540_i2	Mean intensity of Cerebellum-White-Matter (left hemisphere) | Instance 2
p26571_i2	Mean intensity of Cerebellum-White-Matter (right hemisphere) | Instance 2
p26546_i2	Mean intensity of Hippocampus (left hemisphere) | Instance 2
p26577_i2	Mean intensity of Hippocampus (right hemisphere) | Instance 2
p26539_i2	Mean intensity of Inf-Lat-Vent (left hemisphere) | Instance 2
p26570_i2	Mean intensity of Inf-Lat-Vent (right hemisphere) | Instance 2
p26538_i2	Mean intensity of Lateral-Ventricle (left hemisphere) | Instance 2
p26569_i2	Mean intensity of Lateral-Ventricle (right hemisphere) | Instance 2
p26508_i2	Mean intensity of Optic-Chiasm (whole brain) | Instance 2
p26545_i2	Mean intensity of Pallidum (left hemisphere) | Instance 2
p26576_i2	Mean intensity of Pallidum (right hemisphere) | Instance 2
p26544_i2	Mean intensity of Putamen (left hemisphere) | Instance 2
p26575_i2	Mean intensity of Putamen (right hemisphere) | Instance 2
p26542_i2	Mean intensity of Thalamus-Proper (left hemisphere) | Instance 2
p26573_i2	Mean intensity of Thalamus-Proper (right hemisphere) | Instance 2
p26549_i2	Mean intensity of VentralDC (left hemisphere) | Instance 2
p26580_i2	Mean intensity of VentralDC (right hemisphere) | Instance 2
p26506_i2	Mean intensity of WM-hypointensities (whole brain) | Instance 2
p26551_i2	Mean intensity of choroid-plexus (left hemisphere) | Instance 2
p26582_i2	Mean intensity of choroid-plexus (right hemisphere) | Instance 2
p26507_i2	Mean intensity of non-WM-hypointensities (whole brain) | Instance 2
p26550_i2	Mean intensity of vessel (left hemisphere) | Instance 2
p26581_i2	Mean intensity of vessel (right hemisphere) | Instance 2
p26568_i2	Number of HolesBeforeFixing (left hemisphere) | Instance 2
p26599_i2	Number of HolesBeforeFixing (right hemisphere) | Instance 2
p26523_i2	Volume of 3rd-Ventricle (whole brain) | Instance 2
p26524_i2	Volume of 4th-Ventricle (whole brain) | Instance 2
p26525_i2	Volume of 5th-Ventricle (whole brain) | Instance 2
p26564_i2	Volume of Accumbens-area (left hemisphere) | Instance 2
p26595_i2	Volume of Accumbens-area (right hemisphere) | Instance 2
p26563_i2	Volume of Amygdala (left hemisphere) | Instance 2
p26594_i2	Volume of Amygdala (right hemisphere) | Instance 2
p26526_i2	Volume of Brain-Stem (whole brain) | Instance 2
p26514_i2	Volume of BrainSeg (whole brain) | Instance 2
p26515_i2	Volume of BrainSegNotVent (whole brain) | Instance 2
p26516_i2	Volume of BrainSegNotVentSurf (whole brain) | Instance 2
p26535_i2	Volume of CC-Anterior (whole brain) | Instance 2
p26533_i2	Volume of CC-Central (whole brain) | Instance 2
p26534_i2	Volume of CC-Mid-Anterior (whole brain) | Instance 2
p26532_i2	Volume of CC-Mid-Posterior (whole brain) | Instance 2
p26531_i2	Volume of CC-Posterior (whole brain) | Instance 2
p26527_i2	Volume of CSF (whole brain) | Instance 2
p26559_i2	Volume of Caudate (left hemisphere) | Instance 2
p26590_i2	Volume of Caudate (right hemisphere) | Instance 2
p26557_i2	Volume of Cerebellum-Cortex (left hemisphere) | Instance 2
p26588_i2	Volume of Cerebellum-Cortex (right hemisphere) | Instance 2
p26556_i2	Volume of Cerebellum-White-Matter (left hemisphere) | Instance 2
p26587_i2	Volume of Cerebellum-White-Matter (right hemisphere) | Instance 2
p26553_i2	Volume of CerebralWhiteMatter (left hemisphere) | Instance 2
p26584_i2	Volume of CerebralWhiteMatter (right hemisphere) | Instance 2
p26552_i2	Volume of Cortex (left hemisphere) | Instance 2
p26583_i2	Volume of Cortex (right hemisphere) | Instance 2
p26521_i2	Volume of EstimatedTotalIntraCranial (whole brain) | Instance 2
p26562_i2	Volume of Hippocampus (left hemisphere) | Instance 2
p26593_i2	Volume of Hippocampus (right hemisphere) | Instance 2
p26555_i2	Volume of Inf-Lat-Vent (left hemisphere) | Instance 2
p26586_i2	Volume of Inf-Lat-Vent (right hemisphere) | Instance 2
p26554_i2	Volume of Lateral-Ventricle (left hemisphere) | Instance 2
p26585_i2	Volume of Lateral-Ventricle (right hemisphere) | Instance 2
p26530_i2	Volume of Optic-Chiasm (whole brain) | Instance 2
p26561_i2	Volume of Pallidum (left hemisphere) | Instance 2
p26592_i2	Volume of Pallidum (right hemisphere) | Instance 2
p26560_i2	Volume of Putamen (left hemisphere) | Instance 2
p26591_i2	Volume of Putamen (right hemisphere) | Instance 2
p26517_i2	Volume of SubCortGray (whole brain) | Instance 2
p26519_i2	Volume of SupraTentorial (whole brain) | Instance 2
p26520_i2	Volume of SupraTentorialNotVent (whole brain) | Instance 2
p26558_i2	Volume of Thalamus-Proper (left hemisphere) | Instance 2
p26589_i2	Volume of Thalamus-Proper (right hemisphere) | Instance 2
p26518_i2	Volume of TotalGray (whole brain) | Instance 2
p26565_i2	Volume of VentralDC (left hemisphere) | Instance 2
p26596_i2	Volume of VentralDC (right hemisphere) | Instance 2
p26522_i2	Volume of VentricleChoroid (whole brain) | Instance 2
p26528_i2	Volume of WM-hypointensities (whole brain) | Instance 2
p26567_i2	Volume of choroid-plexus (left hemisphere) | Instance 2
p26598_i2	Volume of choroid-plexus (right hemisphere) | Instance 2
p26529_i2	Volume of non-WM-hypointensities (whole brain) | Instance 2
p26566_i2	Volume of vessel (left hemisphere) | Instance 2
p26597_i2	Volume of vessel (right hemisphere) | Instance 2
p26536_i2	Volume-ratio of BrainSegVol-to-eTIV (whole brain) | Instance 2
p26537_i2	Volume-ratio of MaskVol-to-eTIV (whole brain) | Instance 2
p27059_i2	Area of BA1 (left hemisphere) | Instance 2
p27101_i2	Area of BA1 (right hemisphere) | Instance 2
p27060_i2	Area of BA2 (left hemisphere) | Instance 2
p27102_i2	Area of BA2 (right hemisphere) | Instance 2
p27061_i2	Area of BA3a (left hemisphere) | Instance 2
p27103_i2	Area of BA3a (right hemisphere) | Instance 2
p27062_i2	Area of BA3b (left hemisphere) | Instance 2
p27104_i2	Area of BA3b (right hemisphere) | Instance 2
p27066_i2	Area of BA44 (left hemisphere) | Instance 2
p27108_i2	Area of BA44 (right hemisphere) | Instance 2
p27067_i2	Area of BA45 (left hemisphere) | Instance 2
p27109_i2	Area of BA45 (right hemisphere) | Instance 2
p27063_i2	Area of BA4a (left hemisphere) | Instance 2
p27105_i2	Area of BA4a (right hemisphere) | Instance 2
p27064_i2	Area of BA4p (left hemisphere) | Instance 2
p27106_i2	Area of BA4p (right hemisphere) | Instance 2
p27065_i2	Area of BA6 (left hemisphere) | Instance 2
p27107_i2	Area of BA6 (right hemisphere) | Instance 2
p27070_i2	Area of MT (left hemisphere) | Instance 2
p27112_i2	Area of MT (right hemisphere) | Instance 2
p27068_i2	Area of V1 (left hemisphere) | Instance 2
p27110_i2	Area of V1 (right hemisphere) | Instance 2
p27069_i2	Area of V2 (left hemisphere) | Instance 2
p27111_i2	Area of V2 (right hemisphere) | Instance 2
p27072_i2	Area of entorhinal (left hemisphere) | Instance 2
p27114_i2	Area of entorhinal (right hemisphere) | Instance 2
p27071_i2	Area of perirhinal (left hemisphere) | Instance 2
p27113_i2	Area of perirhinal (right hemisphere) | Instance 2
p27073_i2	Mean thickness of BA1 (left hemisphere) | Instance 2
p27115_i2	Mean thickness of BA1 (right hemisphere) | Instance 2
p27074_i2	Mean thickness of BA2 (left hemisphere) | Instance 2
p27116_i2	Mean thickness of BA2 (right hemisphere) | Instance 2
p27075_i2	Mean thickness of BA3a (left hemisphere) | Instance 2
p27117_i2	Mean thickness of BA3a (right hemisphere) | Instance 2
p27076_i2	Mean thickness of BA3b (left hemisphere) | Instance 2
p27118_i2	Mean thickness of BA3b (right hemisphere) | Instance 2
p27080_i2	Mean thickness of BA44 (left hemisphere) | Instance 2
p27122_i2	Mean thickness of BA44 (right hemisphere) | Instance 2
p27081_i2	Mean thickness of BA45 (left hemisphere) | Instance 2
p27123_i2	Mean thickness of BA45 (right hemisphere) | Instance 2
p27077_i2	Mean thickness of BA4a (left hemisphere) | Instance 2
p27119_i2	Mean thickness of BA4a (right hemisphere) | Instance 2
p27078_i2	Mean thickness of BA4p (left hemisphere) | Instance 2
p27120_i2	Mean thickness of BA4p (right hemisphere) | Instance 2
p27079_i2	Mean thickness of BA6 (left hemisphere) | Instance 2
p27121_i2	Mean thickness of BA6 (right hemisphere) | Instance 2
p27084_i2	Mean thickness of MT (left hemisphere) | Instance 2
p27126_i2	Mean thickness of MT (right hemisphere) | Instance 2
p27082_i2	Mean thickness of V1 (left hemisphere) | Instance 2
p27124_i2	Mean thickness of V1 (right hemisphere) | Instance 2
p27083_i2	Mean thickness of V2 (left hemisphere) | Instance 2
p27125_i2	Mean thickness of V2 (right hemisphere) | Instance 2
p27086_i2	Mean thickness of entorhinal (left hemisphere) | Instance 2
p27128_i2	Mean thickness of entorhinal (right hemisphere) | Instance 2
p27085_i2	Mean thickness of perirhinal (left hemisphere) | Instance 2
p27127_i2	Mean thickness of perirhinal (right hemisphere) | Instance 2
p27087_i2	Volume of BA1 (left hemisphere) | Instance 2
p27129_i2	Volume of BA1 (right hemisphere) | Instance 2
p27088_i2	Volume of BA2 (left hemisphere) | Instance 2
p27130_i2	Volume of BA2 (right hemisphere) | Instance 2
p27089_i2	Volume of BA3a (left hemisphere) | Instance 2
p27131_i2	Volume of BA3a (right hemisphere) | Instance 2
p27090_i2	Volume of BA3b (left hemisphere) | Instance 2
p27132_i2	Volume of BA3b (right hemisphere) | Instance 2
p27094_i2	Volume of BA44 (left hemisphere) | Instance 2
p27136_i2	Volume of BA44 (right hemisphere) | Instance 2
p27095_i2	Volume of BA45 (left hemisphere) | Instance 2
p27137_i2	Volume of BA45 (right hemisphere) | Instance 2
p27091_i2	Volume of BA4a (left hemisphere) | Instance 2
p27133_i2	Volume of BA4a (right hemisphere) | Instance 2
p27092_i2	Volume of BA4p (left hemisphere) | Instance 2
p27134_i2	Volume of BA4p (right hemisphere) | Instance 2
p27093_i2	Volume of BA6 (left hemisphere) | Instance 2
p27135_i2	Volume of BA6 (right hemisphere) | Instance 2
p27098_i2	Volume of MT (left hemisphere) | Instance 2
p27140_i2	Volume of MT (right hemisphere) | Instance 2
p27096_i2	Volume of V1 (left hemisphere) | Instance 2
p27138_i2	Volume of V1 (right hemisphere) | Instance 2
p27097_i2	Volume of V2 (left hemisphere) | Instance 2
p27139_i2	Volume of V2 (right hemisphere) | Instance 2
p27100_i2	Volume of entorhinal (left hemisphere) | Instance 2
p27142_i2	Volume of entorhinal (right hemisphere) | Instance 2
p27099_i2	Volume of perirhinal (left hemisphere) | Instance 2
p27141_i2	Volume of perirhinal (right hemisphere) | Instance 2
p27334_i2	Area of G+S-cingul-Ant (left hemisphere) | Instance 2
p27556_i2	Area of G+S-cingul-Ant (right hemisphere) | Instance 2
p27335_i2	Area of G+S-cingul-Mid-Ant (left hemisphere) | Instance 2
p27557_i2	Area of G+S-cingul-Mid-Ant (right hemisphere) | Instance 2
p27336_i2	Area of G+S-cingul-Mid-Post (left hemisphere) | Instance 2
p27558_i2	Area of G+S-cingul-Mid-Post (right hemisphere) | Instance 2
p27329_i2	Area of G+S-frontomargin (left hemisphere) | Instance 2
p27551_i2	Area of G+S-frontomargin (right hemisphere) | Instance 2
p27330_i2	Area of G+S-occipital-inf (left hemisphere) | Instance 2
p27552_i2	Area of G+S-occipital-inf (right hemisphere) | Instance 2
p27331_i2	Area of G+S-paracentral (left hemisphere) | Instance 2
p27553_i2	Area of G+S-paracentral (right hemisphere) | Instance 2
p27332_i2	Area of G+S-subcentral (left hemisphere) | Instance 2
p27554_i2	Area of G+S-subcentral (right hemisphere) | Instance 2
p27333_i2	Area of G+S-transv-frontopol (left hemisphere) | Instance 2
p27555_i2	Area of G+S-transv-frontopol (right hemisphere) | Instance 2
p27345_i2	Area of G-Ins-lg+S-cent-ins (left hemisphere) | Instance 2
p27567_i2	Area of G-Ins-lg+S-cent-ins (right hemisphere) | Instance 2
p27337_i2	Area of G-cingul-Post-dorsal (left hemisphere) | Instance 2
p27559_i2	Area of G-cingul-Post-dorsal (right hemisphere) | Instance 2
p27338_i2	Area of G-cingul-Post-ventral (left hemisphere) | Instance 2
p27560_i2	Area of G-cingul-Post-ventral (right hemisphere) | Instance 2
p27339_i2	Area of G-cuneus (left hemisphere) | Instance 2
p27561_i2	Area of G-cuneus (right hemisphere) | Instance 2
p27340_i2	Area of G-front-inf-Opercular (left hemisphere) | Instance 2
p27562_i2	Area of G-front-inf-Opercular (right hemisphere) | Instance 2
p27341_i2	Area of G-front-inf-Orbital (left hemisphere) | Instance 2
p27563_i2	Area of G-front-inf-Orbital (right hemisphere) | Instance 2
p27342_i2	Area of G-front-inf-Triangul (left hemisphere) | Instance 2
p27564_i2	Area of G-front-inf-Triangul (right hemisphere) | Instance 2
p27343_i2	Area of G-front-middle (left hemisphere) | Instance 2
p27565_i2	Area of G-front-middle (right hemisphere) | Instance 2
p27344_i2	Area of G-front-sup (left hemisphere) | Instance 2
p27566_i2	Area of G-front-sup (right hemisphere) | Instance 2
p27346_i2	Area of G-insular-short (left hemisphere) | Instance 2
p27568_i2	Area of G-insular-short (right hemisphere) | Instance 2
p27349_i2	Area of G-oc-temp-lat-fusifor (left hemisphere) | Instance 2
p27571_i2	Area of G-oc-temp-lat-fusifor (right hemisphere) | Instance 2
p27350_i2	Area of G-oc-temp-med-Lingual (left hemisphere) | Instance 2
p27572_i2	Area of G-oc-temp-med-Lingual (right hemisphere) | Instance 2
p27351_i2	Area of G-oc-temp-med-Parahip (left hemisphere) | Instance 2
p27573_i2	Area of G-oc-temp-med-Parahip (right hemisphere) | Instance 2
p27347_i2	Area of G-occipital-middle (left hemisphere) | Instance 2
p27569_i2	Area of G-occipital-middle (right hemisphere) | Instance 2
p27348_i2	Area of G-occipital-sup (left hemisphere) | Instance 2
p27570_i2	Area of G-occipital-sup (right hemisphere) | Instance 2
p27352_i2	Area of G-orbital (left hemisphere) | Instance 2
p27574_i2	Area of G-orbital (right hemisphere) | Instance 2
p27353_i2	Area of G-pariet-inf-Angular (left hemisphere) | Instance 2
p27575_i2	Area of G-pariet-inf-Angular (right hemisphere) | Instance 2
p27354_i2	Area of G-pariet-inf-Supramar (left hemisphere) | Instance 2
p27576_i2	Area of G-pariet-inf-Supramar (right hemisphere) | Instance 2
p27355_i2	Area of G-parietal-sup (left hemisphere) | Instance 2
p27577_i2	Area of G-parietal-sup (right hemisphere) | Instance 2
p27356_i2	Area of G-postcentral (left hemisphere) | Instance 2
p27578_i2	Area of G-postcentral (right hemisphere) | Instance 2
p27357_i2	Area of G-precentral (left hemisphere) | Instance 2
p27579_i2	Area of G-precentral (right hemisphere) | Instance 2
p27358_i2	Area of G-precuneus (left hemisphere) | Instance 2
p27580_i2	Area of G-precuneus (right hemisphere) | Instance 2
p27359_i2	Area of G-rectus (left hemisphere) | Instance 2
p27581_i2	Area of G-rectus (right hemisphere) | Instance 2
p27360_i2	Area of G-subcallosal (left hemisphere) | Instance 2
p27582_i2	Area of G-subcallosal (right hemisphere) | Instance 2
p27361_i2	Area of G-temp-sup-G-T-transv (left hemisphere) | Instance 2
p27583_i2	Area of G-temp-sup-G-T-transv (right hemisphere) | Instance 2
p27362_i2	Area of G-temp-sup-Lateral (left hemisphere) | Instance 2
p27584_i2	Area of G-temp-sup-Lateral (right hemisphere) | Instance 2
p27363_i2	Area of G-temp-sup-Plan-polar (left hemisphere) | Instance 2
p27585_i2	Area of G-temp-sup-Plan-polar (right hemisphere) | Instance 2
p27364_i2	Area of G-temp-sup-Plan-tempo (left hemisphere) | Instance 2
p27586_i2	Area of G-temp-sup-Plan-tempo (right hemisphere) | Instance 2
p27365_i2	Area of G-temporal-inf (left hemisphere) | Instance 2
p27587_i2	Area of G-temporal-inf (right hemisphere) | Instance 2
p27366_i2	Area of G-temporal-middle (left hemisphere) | Instance 2
p27588_i2	Area of G-temporal-middle (right hemisphere) | Instance 2
p27367_i2	Area of Lat-Fis-ant-Horizont (left hemisphere) | Instance 2
p27589_i2	Area of Lat-Fis-ant-Horizont (right hemisphere) | Instance 2
p27368_i2	Area of Lat-Fis-ant-Vertical (left hemisphere) | Instance 2
p27590_i2	Area of Lat-Fis-ant-Vertical (right hemisphere) | Instance 2
p27369_i2	Area of Lat-Fis-post (left hemisphere) | Instance 2
p27591_i2	Area of Lat-Fis-post (right hemisphere) | Instance 2
p27370_i2	Area of Pole-occipital (left hemisphere) | Instance 2
p27592_i2	Area of Pole-occipital (right hemisphere) | Instance 2
p27371_i2	Area of Pole-temporal (left hemisphere) | Instance 2
p27593_i2	Area of Pole-temporal (right hemisphere) | Instance 2
p27372_i2	Area of S-calcarine (left hemisphere) | Instance 2
p27594_i2	Area of S-calcarine (right hemisphere) | Instance 2
p27373_i2	Area of S-central (left hemisphere) | Instance 2
p27595_i2	Area of S-central (right hemisphere) | Instance 2
p27374_i2	Area of S-cingul-Marginalis (left hemisphere) | Instance 2
p27596_i2	Area of S-cingul-Marginalis (right hemisphere) | Instance 2
p27375_i2	Area of S-circular-insula-ant (left hemisphere) | Instance 2
p27597_i2	Area of S-circular-insula-ant (right hemisphere) | Instance 2
p27376_i2	Area of S-circular-insula-inf (left hemisphere) | Instance 2
p27598_i2	Area of S-circular-insula-inf (right hemisphere) | Instance 2
p27377_i2	Area of S-circular-insula-sup (left hemisphere) | Instance 2
p27599_i2	Area of S-circular-insula-sup (right hemisphere) | Instance 2
p27378_i2	Area of S-collat-transv-ant (left hemisphere) | Instance 2
p27600_i2	Area of S-collat-transv-ant (right hemisphere) | Instance 2
p27379_i2	Area of S-collat-transv-post (left hemisphere) | Instance 2
p27601_i2	Area of S-collat-transv-post (right hemisphere) | Instance 2
p27380_i2	Area of S-front-inf (left hemisphere) | Instance 2
p27602_i2	Area of S-front-inf (right hemisphere) | Instance 2
p27381_i2	Area of S-front-middle (left hemisphere) | Instance 2
p27603_i2	Area of S-front-middle (right hemisphere) | Instance 2
p27382_i2	Area of S-front-sup (left hemisphere) | Instance 2
p27604_i2	Area of S-front-sup (right hemisphere) | Instance 2
p27383_i2	Area of S-interm-prim-Jensen (left hemisphere) | Instance 2
p27605_i2	Area of S-interm-prim-Jensen (right hemisphere) | Instance 2
p27384_i2	Area of S-intrapariet+P-trans (left hemisphere) | Instance 2
p27606_i2	Area of S-intrapariet+P-trans (right hemisphere) | Instance 2
p27385_i2	Area of S-oc-middle+Lunatus (left hemisphere) | Instance 2
p27607_i2	Area of S-oc-middle+Lunatus (right hemisphere) | Instance 2
p27386_i2	Area of S-oc-sup+transversal (left hemisphere) | Instance 2
p27608_i2	Area of S-oc-sup+transversal (right hemisphere) | Instance 2
p27388_i2	Area of S-oc-temp-lat (left hemisphere) | Instance 2
p27610_i2	Area of S-oc-temp-lat (right hemisphere) | Instance 2
p27389_i2	Area of S-oc-temp-med+Lingual (left hemisphere) | Instance 2
p27611_i2	Area of S-oc-temp-med+Lingual (right hemisphere) | Instance 2
p27387_i2	Area of S-occipital-ant (left hemisphere) | Instance 2
p27609_i2	Area of S-occipital-ant (right hemisphere) | Instance 2
p27392_i2	Area of S-orbital-H-Shaped (left hemisphere) | Instance 2
p27614_i2	Area of S-orbital-H-Shaped (right hemisphere) | Instance 2
p27390_i2	Area of S-orbital-lateral (left hemisphere) | Instance 2
p27612_i2	Area of S-orbital-lateral (right hemisphere) | Instance 2
p27391_i2	Area of S-orbital-med-olfact (left hemisphere) | Instance 2
p27613_i2	Area of S-orbital-med-olfact (right hemisphere) | Instance 2
p27393_i2	Area of S-parieto-occipital (left hemisphere) | Instance 2
p27615_i2	Area of S-parieto-occipital (right hemisphere) | Instance 2
p27394_i2	Area of S-pericallosal (left hemisphere) | Instance 2
p27616_i2	Area of S-pericallosal (right hemisphere) | Instance 2
p27395_i2	Area of S-postcentral (left hemisphere) | Instance 2
p27617_i2	Area of S-postcentral (right hemisphere) | Instance 2
p27396_i2	Area of S-precentral-inf-part (left hemisphere) | Instance 2
p27618_i2	Area of S-precentral-inf-part (right hemisphere) | Instance 2
p27397_i2	Area of S-precentral-sup-part (left hemisphere) | Instance 2
p27619_i2	Area of S-precentral-sup-part (right hemisphere) | Instance 2
p27398_i2	Area of S-suborbital (left hemisphere) | Instance 2
p27620_i2	Area of S-suborbital (right hemisphere) | Instance 2
p27399_i2	Area of S-subparietal (left hemisphere) | Instance 2
p27621_i2	Area of S-subparietal (right hemisphere) | Instance 2
p27400_i2	Area of S-temporal-inf (left hemisphere) | Instance 2
p27622_i2	Area of S-temporal-inf (right hemisphere) | Instance 2
p27401_i2	Area of S-temporal-sup (left hemisphere) | Instance 2
p27623_i2	Area of S-temporal-sup (right hemisphere) | Instance 2
p27402_i2	Area of S-temporal-transverse (left hemisphere) | Instance 2
p27624_i2	Area of S-temporal-transverse (right hemisphere) | Instance 2
p27408_i2	Mean thickness of G+S-cingul-Ant (left hemisphere) | Instance 2
p27630_i2	Mean thickness of G+S-cingul-Ant (right hemisphere) | Instance 2
p27409_i2	Mean thickness of G+S-cingul-Mid-Ant (left hemisphere) | Instance 2
p27631_i2	Mean thickness of G+S-cingul-Mid-Ant (right hemisphere) | Instance 2
p27410_i2	Mean thickness of G+S-cingul-Mid-Post (left hemisphere) | Instance 2
p27632_i2	Mean thickness of G+S-cingul-Mid-Post (right hemisphere) | Instance 2
p27403_i2	Mean thickness of G+S-frontomargin (left hemisphere) | Instance 2
p27625_i2	Mean thickness of G+S-frontomargin (right hemisphere) | Instance 2
p27404_i2	Mean thickness of G+S-occipital-inf (left hemisphere) | Instance 2
p27626_i2	Mean thickness of G+S-occipital-inf (right hemisphere) | Instance 2
p27405_i2	Mean thickness of G+S-paracentral (left hemisphere) | Instance 2
p27627_i2	Mean thickness of G+S-paracentral (right hemisphere) | Instance 2
p27406_i2	Mean thickness of G+S-subcentral (left hemisphere) | Instance 2
p27628_i2	Mean thickness of G+S-subcentral (right hemisphere) | Instance 2
p27407_i2	Mean thickness of G+S-transv-frontopol (left hemisphere) | Instance 2
p27629_i2	Mean thickness of G+S-transv-frontopol (right hemisphere) | Instance 2
p27419_i2	Mean thickness of G-Ins-lg+S-cent-ins (left hemisphere) | Instance 2
p27641_i2	Mean thickness of G-Ins-lg+S-cent-ins (right hemisphere) | Instance 2
p27411_i2	Mean thickness of G-cingul-Post-dorsal (left hemisphere) | Instance 2
p27633_i2	Mean thickness of G-cingul-Post-dorsal (right hemisphere) | Instance 2
p27412_i2	Mean thickness of G-cingul-Post-ventral (left hemisphere) | Instance 2
p27634_i2	Mean thickness of G-cingul-Post-ventral (right hemisphere) | Instance 2
p27413_i2	Mean thickness of G-cuneus (left hemisphere) | Instance 2
p27635_i2	Mean thickness of G-cuneus (right hemisphere) | Instance 2
p27414_i2	Mean thickness of G-front-inf-Opercular (left hemisphere) | Instance 2
p27636_i2	Mean thickness of G-front-inf-Opercular (right hemisphere) | Instance 2
p27415_i2	Mean thickness of G-front-inf-Orbital (left hemisphere) | Instance 2
p27637_i2	Mean thickness of G-front-inf-Orbital (right hemisphere) | Instance 2
p27416_i2	Mean thickness of G-front-inf-Triangul (left hemisphere) | Instance 2
p27638_i2	Mean thickness of G-front-inf-Triangul (right hemisphere) | Instance 2
p27417_i2	Mean thickness of G-front-middle (left hemisphere) | Instance 2
p27639_i2	Mean thickness of G-front-middle (right hemisphere) | Instance 2
p27418_i2	Mean thickness of G-front-sup (left hemisphere) | Instance 2
p27640_i2	Mean thickness of G-front-sup (right hemisphere) | Instance 2
p27420_i2	Mean thickness of G-insular-short (left hemisphere) | Instance 2
p27642_i2	Mean thickness of G-insular-short (right hemisphere) | Instance 2
p27423_i2	Mean thickness of G-oc-temp-lat-fusifor (left hemisphere) | Instance 2
p27645_i2	Mean thickness of G-oc-temp-lat-fusifor (right hemisphere) | Instance 2
p27424_i2	Mean thickness of G-oc-temp-med-Lingual (left hemisphere) | Instance 2
p27646_i2	Mean thickness of G-oc-temp-med-Lingual (right hemisphere) | Instance 2
p27425_i2	Mean thickness of G-oc-temp-med-Parahip (left hemisphere) | Instance 2
p27647_i2	Mean thickness of G-oc-temp-med-Parahip (right hemisphere) | Instance 2
p27421_i2	Mean thickness of G-occipital-middle (left hemisphere) | Instance 2
p27643_i2	Mean thickness of G-occipital-middle (right hemisphere) | Instance 2
p27422_i2	Mean thickness of G-occipital-sup (left hemisphere) | Instance 2
p27644_i2	Mean thickness of G-occipital-sup (right hemisphere) | Instance 2
p27426_i2	Mean thickness of G-orbital (left hemisphere) | Instance 2
p27648_i2	Mean thickness of G-orbital (right hemisphere) | Instance 2
p27427_i2	Mean thickness of G-pariet-inf-Angular (left hemisphere) | Instance 2
p27649_i2	Mean thickness of G-pariet-inf-Angular (right hemisphere) | Instance 2
p27428_i2	Mean thickness of G-pariet-inf-Supramar (left hemisphere) | Instance 2
p27650_i2	Mean thickness of G-pariet-inf-Supramar (right hemisphere) | Instance 2
p27429_i2	Mean thickness of G-parietal-sup (left hemisphere) | Instance 2
p27651_i2	Mean thickness of G-parietal-sup (right hemisphere) | Instance 2
p27430_i2	Mean thickness of G-postcentral (left hemisphere) | Instance 2
p27652_i2	Mean thickness of G-postcentral (right hemisphere) | Instance 2
p27431_i2	Mean thickness of G-precentral (left hemisphere) | Instance 2
p27653_i2	Mean thickness of G-precentral (right hemisphere) | Instance 2
p27432_i2	Mean thickness of G-precuneus (left hemisphere) | Instance 2
p27654_i2	Mean thickness of G-precuneus (right hemisphere) | Instance 2
p27433_i2	Mean thickness of G-rectus (left hemisphere) | Instance 2
p27655_i2	Mean thickness of G-rectus (right hemisphere) | Instance 2
p27434_i2	Mean thickness of G-subcallosal (left hemisphere) | Instance 2
p27656_i2	Mean thickness of G-subcallosal (right hemisphere) | Instance 2
p27435_i2	Mean thickness of G-temp-sup-G-T-transv (left hemisphere) | Instance 2
p27657_i2	Mean thickness of G-temp-sup-G-T-transv (right hemisphere) | Instance 2
p27436_i2	Mean thickness of G-temp-sup-Lateral (left hemisphere) | Instance 2
p27658_i2	Mean thickness of G-temp-sup-Lateral (right hemisphere) | Instance 2
p27437_i2	Mean thickness of G-temp-sup-Plan-polar (left hemisphere) | Instance 2
p27659_i2	Mean thickness of G-temp-sup-Plan-polar (right hemisphere) | Instance 2
p27438_i2	Mean thickness of G-temp-sup-Plan-tempo (left hemisphere) | Instance 2
p27660_i2	Mean thickness of G-temp-sup-Plan-tempo (right hemisphere) | Instance 2
p27439_i2	Mean thickness of G-temporal-inf (left hemisphere) | Instance 2
p27661_i2	Mean thickness of G-temporal-inf (right hemisphere) | Instance 2
p27440_i2	Mean thickness of G-temporal-middle (left hemisphere) | Instance 2
p27662_i2	Mean thickness of G-temporal-middle (right hemisphere) | Instance 2
p27441_i2	Mean thickness of Lat-Fis-ant-Horizont (left hemisphere) | Instance 2
p27663_i2	Mean thickness of Lat-Fis-ant-Horizont (right hemisphere) | Instance 2
p27442_i2	Mean thickness of Lat-Fis-ant-Vertical (left hemisphere) | Instance 2
p27664_i2	Mean thickness of Lat-Fis-ant-Vertical (right hemisphere) | Instance 2
p27443_i2	Mean thickness of Lat-Fis-post (left hemisphere) | Instance 2
p27665_i2	Mean thickness of Lat-Fis-post (right hemisphere) | Instance 2
p27444_i2	Mean thickness of Pole-occipital (left hemisphere) | Instance 2
p27666_i2	Mean thickness of Pole-occipital (right hemisphere) | Instance 2
p27445_i2	Mean thickness of Pole-temporal (left hemisphere) | Instance 2
p27667_i2	Mean thickness of Pole-temporal (right hemisphere) | Instance 2
p27446_i2	Mean thickness of S-calcarine (left hemisphere) | Instance 2
p27668_i2	Mean thickness of S-calcarine (right hemisphere) | Instance 2
p27447_i2	Mean thickness of S-central (left hemisphere) | Instance 2
p27669_i2	Mean thickness of S-central (right hemisphere) | Instance 2
p27448_i2	Mean thickness of S-cingul-Marginalis (left hemisphere) | Instance 2
p27670_i2	Mean thickness of S-cingul-Marginalis (right hemisphere) | Instance 2
p27449_i2	Mean thickness of S-circular-insula-ant (left hemisphere) | Instance 2
p27671_i2	Mean thickness of S-circular-insula-ant (right hemisphere) | Instance 2
p27450_i2	Mean thickness of S-circular-insula-inf (left hemisphere) | Instance 2
p27672_i2	Mean thickness of S-circular-insula-inf (right hemisphere) | Instance 2
p27451_i2	Mean thickness of S-circular-insula-sup (left hemisphere) | Instance 2
p27673_i2	Mean thickness of S-circular-insula-sup (right hemisphere) | Instance 2
p27452_i2	Mean thickness of S-collat-transv-ant (left hemisphere) | Instance 2
p27674_i2	Mean thickness of S-collat-transv-ant (right hemisphere) | Instance 2
p27453_i2	Mean thickness of S-collat-transv-post (left hemisphere) | Instance 2
p27675_i2	Mean thickness of S-collat-transv-post (right hemisphere) | Instance 2
p27454_i2	Mean thickness of S-front-inf (left hemisphere) | Instance 2
p27676_i2	Mean thickness of S-front-inf (right hemisphere) | Instance 2
p27455_i2	Mean thickness of S-front-middle (left hemisphere) | Instance 2
p27677_i2	Mean thickness of S-front-middle (right hemisphere) | Instance 2
p27456_i2	Mean thickness of S-front-sup (left hemisphere) | Instance 2
p27678_i2	Mean thickness of S-front-sup (right hemisphere) | Instance 2
p27457_i2	Mean thickness of S-interm-prim-Jensen (left hemisphere) | Instance 2
p27679_i2	Mean thickness of S-interm-prim-Jensen (right hemisphere) | Instance 2
p27458_i2	Mean thickness of S-intrapariet+P-trans (left hemisphere) | Instance 2
p27680_i2	Mean thickness of S-intrapariet+P-trans (right hemisphere) | Instance 2
p27459_i2	Mean thickness of S-oc-middle+Lunatus (left hemisphere) | Instance 2
p27681_i2	Mean thickness of S-oc-middle+Lunatus (right hemisphere) | Instance 2
p27460_i2	Mean thickness of S-oc-sup+transversal (left hemisphere) | Instance 2
p27682_i2	Mean thickness of S-oc-sup+transversal (right hemisphere) | Instance 2
p27462_i2	Mean thickness of S-oc-temp-lat (left hemisphere) | Instance 2
p27684_i2	Mean thickness of S-oc-temp-lat (right hemisphere) | Instance 2
p27463_i2	Mean thickness of S-oc-temp-med+Lingual (left hemisphere) | Instance 2
p27685_i2	Mean thickness of S-oc-temp-med+Lingual (right hemisphere) | Instance 2
p27461_i2	Mean thickness of S-occipital-ant (left hemisphere) | Instance 2
p27683_i2	Mean thickness of S-occipital-ant (right hemisphere) | Instance 2
p27466_i2	Mean thickness of S-orbital-H-Shaped (left hemisphere) | Instance 2
p27688_i2	Mean thickness of S-orbital-H-Shaped (right hemisphere) | Instance 2
p27464_i2	Mean thickness of S-orbital-lateral (left hemisphere) | Instance 2
p27686_i2	Mean thickness of S-orbital-lateral (right hemisphere) | Instance 2
p27465_i2	Mean thickness of S-orbital-med-olfact (left hemisphere) | Instance 2
p27687_i2	Mean thickness of S-orbital-med-olfact (right hemisphere) | Instance 2
p27467_i2	Mean thickness of S-parieto-occipital (left hemisphere) | Instance 2
p27689_i2	Mean thickness of S-parieto-occipital (right hemisphere) | Instance 2
p27468_i2	Mean thickness of S-pericallosal (left hemisphere) | Instance 2
p27690_i2	Mean thickness of S-pericallosal (right hemisphere) | Instance 2
p27469_i2	Mean thickness of S-postcentral (left hemisphere) | Instance 2
p27691_i2	Mean thickness of S-postcentral (right hemisphere) | Instance 2
p27470_i2	Mean thickness of S-precentral-inf-part (left hemisphere) | Instance 2
p27692_i2	Mean thickness of S-precentral-inf-part (right hemisphere) | Instance 2
p27471_i2	Mean thickness of S-precentral-sup-part (left hemisphere) | Instance 2
p27693_i2	Mean thickness of S-precentral-sup-part (right hemisphere) | Instance 2
p27472_i2	Mean thickness of S-suborbital (left hemisphere) | Instance 2
p27694_i2	Mean thickness of S-suborbital (right hemisphere) | Instance 2
p27473_i2	Mean thickness of S-subparietal (left hemisphere) | Instance 2
p27695_i2	Mean thickness of S-subparietal (right hemisphere) | Instance 2
p27474_i2	Mean thickness of S-temporal-inf (left hemisphere) | Instance 2
p27696_i2	Mean thickness of S-temporal-inf (right hemisphere) | Instance 2
p27475_i2	Mean thickness of S-temporal-sup (left hemisphere) | Instance 2
p27697_i2	Mean thickness of S-temporal-sup (right hemisphere) | Instance 2
p27476_i2	Mean thickness of S-temporal-transverse (left hemisphere) | Instance 2
p27698_i2	Mean thickness of S-temporal-transverse (right hemisphere) | Instance 2
p27482_i2	Volume of G+S-cingul-Ant (left hemisphere) | Instance 2
p27704_i2	Volume of G+S-cingul-Ant (right hemisphere) | Instance 2
p27483_i2	Volume of G+S-cingul-Mid-Ant (left hemisphere) | Instance 2
p27705_i2	Volume of G+S-cingul-Mid-Ant (right hemisphere) | Instance 2
p27484_i2	Volume of G+S-cingul-Mid-Post (left hemisphere) | Instance 2
p27706_i2	Volume of G+S-cingul-Mid-Post (right hemisphere) | Instance 2
p27477_i2	Volume of G+S-frontomargin (left hemisphere) | Instance 2
p27699_i2	Volume of G+S-frontomargin (right hemisphere) | Instance 2
p27478_i2	Volume of G+S-occipital-inf (left hemisphere) | Instance 2
p27700_i2	Volume of G+S-occipital-inf (right hemisphere) | Instance 2
p27479_i2	Volume of G+S-paracentral (left hemisphere) | Instance 2
p27701_i2	Volume of G+S-paracentral (right hemisphere) | Instance 2
p27480_i2	Volume of G+S-subcentral (left hemisphere) | Instance 2
p27702_i2	Volume of G+S-subcentral (right hemisphere) | Instance 2
p27481_i2	Volume of G+S-transv-frontopol (left hemisphere) | Instance 2
p27703_i2	Volume of G+S-transv-frontopol (right hemisphere) | Instance 2
p27493_i2	Volume of G-Ins-lg+S-cent-ins (left hemisphere) | Instance 2
p27715_i2	Volume of G-Ins-lg+S-cent-ins (right hemisphere) | Instance 2
p27485_i2	Volume of G-cingul-Post-dorsal (left hemisphere) | Instance 2
p27707_i2	Volume of G-cingul-Post-dorsal (right hemisphere) | Instance 2
p27486_i2	Volume of G-cingul-Post-ventral (left hemisphere) | Instance 2
p27708_i2	Volume of G-cingul-Post-ventral (right hemisphere) | Instance 2
p27487_i2	Volume of G-cuneus (left hemisphere) | Instance 2
p27709_i2	Volume of G-cuneus (right hemisphere) | Instance 2
p27488_i2	Volume of G-front-inf-Opercular (left hemisphere) | Instance 2
p27710_i2	Volume of G-front-inf-Opercular (right hemisphere) | Instance 2
p27489_i2	Volume of G-front-inf-Orbital (left hemisphere) | Instance 2
p27711_i2	Volume of G-front-inf-Orbital (right hemisphere) | Instance 2
p27490_i2	Volume of G-front-inf-Triangul (left hemisphere) | Instance 2
p27712_i2	Volume of G-front-inf-Triangul (right hemisphere) | Instance 2
p27491_i2	Volume of G-front-middle (left hemisphere) | Instance 2
p27713_i2	Volume of G-front-middle (right hemisphere) | Instance 2
p27492_i2	Volume of G-front-sup (left hemisphere) | Instance 2
p27714_i2	Volume of G-front-sup (right hemisphere) | Instance 2
p27494_i2	Volume of G-insular-short (left hemisphere) | Instance 2
p27716_i2	Volume of G-insular-short (right hemisphere) | Instance 2
p27497_i2	Volume of G-oc-temp-lat-fusifor (left hemisphere) | Instance 2
p27719_i2	Volume of G-oc-temp-lat-fusifor (right hemisphere) | Instance 2
p27498_i2	Volume of G-oc-temp-med-Lingual (left hemisphere) | Instance 2
p27720_i2	Volume of G-oc-temp-med-Lingual (right hemisphere) | Instance 2
p27499_i2	Volume of G-oc-temp-med-Parahip (left hemisphere) | Instance 2
p27721_i2	Volume of G-oc-temp-med-Parahip (right hemisphere) | Instance 2
p27495_i2	Volume of G-occipital-middle (left hemisphere) | Instance 2
p27717_i2	Volume of G-occipital-middle (right hemisphere) | Instance 2
p27496_i2	Volume of G-occipital-sup (left hemisphere) | Instance 2
p27718_i2	Volume of G-occipital-sup (right hemisphere) | Instance 2
p27500_i2	Volume of G-orbital (left hemisphere) | Instance 2
p27722_i2	Volume of G-orbital (right hemisphere) | Instance 2
p27501_i2	Volume of G-pariet-inf-Angular (left hemisphere) | Instance 2
p27723_i2	Volume of G-pariet-inf-Angular (right hemisphere) | Instance 2
p27502_i2	Volume of G-pariet-inf-Supramar (left hemisphere) | Instance 2
p27724_i2	Volume of G-pariet-inf-Supramar (right hemisphere) | Instance 2
p27503_i2	Volume of G-parietal-sup (left hemisphere) | Instance 2
p27725_i2	Volume of G-parietal-sup (right hemisphere) | Instance 2
p27504_i2	Volume of G-postcentral (left hemisphere) | Instance 2
p27726_i2	Volume of G-postcentral (right hemisphere) | Instance 2
p27505_i2	Volume of G-precentral (left hemisphere) | Instance 2
p27727_i2	Volume of G-precentral (right hemisphere) | Instance 2
p27506_i2	Volume of G-precuneus (left hemisphere) | Instance 2
p27728_i2	Volume of G-precuneus (right hemisphere) | Instance 2
p27507_i2	Volume of G-rectus (left hemisphere) | Instance 2
p27729_i2	Volume of G-rectus (right hemisphere) | Instance 2
p27508_i2	Volume of G-subcallosal (left hemisphere) | Instance 2
p27730_i2	Volume of G-subcallosal (right hemisphere) | Instance 2
p27509_i2	Volume of G-temp-sup-G-T-transv (left hemisphere) | Instance 2
p27731_i2	Volume of G-temp-sup-G-T-transv (right hemisphere) | Instance 2
p27510_i2	Volume of G-temp-sup-Lateral (left hemisphere) | Instance 2
p27732_i2	Volume of G-temp-sup-Lateral (right hemisphere) | Instance 2
p27511_i2	Volume of G-temp-sup-Plan-polar (left hemisphere) | Instance 2
p27733_i2	Volume of G-temp-sup-Plan-polar (right hemisphere) | Instance 2
p27512_i2	Volume of G-temp-sup-Plan-tempo (left hemisphere) | Instance 2
p27734_i2	Volume of G-temp-sup-Plan-tempo (right hemisphere) | Instance 2
p27513_i2	Volume of G-temporal-inf (left hemisphere) | Instance 2
p27735_i2	Volume of G-temporal-inf (right hemisphere) | Instance 2
p27514_i2	Volume of G-temporal-middle (left hemisphere) | Instance 2
p27736_i2	Volume of G-temporal-middle (right hemisphere) | Instance 2
p27515_i2	Volume of Lat-Fis-ant-Horizont (left hemisphere) | Instance 2
p27737_i2	Volume of Lat-Fis-ant-Horizont (right hemisphere) | Instance 2
p27516_i2	Volume of Lat-Fis-ant-Vertical (left hemisphere) | Instance 2
p27738_i2	Volume of Lat-Fis-ant-Vertical (right hemisphere) | Instance 2
p27517_i2	Volume of Lat-Fis-post (left hemisphere) | Instance 2
p27739_i2	Volume of Lat-Fis-post (right hemisphere) | Instance 2
p27518_i2	Volume of Pole-occipital (left hemisphere) | Instance 2
p27740_i2	Volume of Pole-occipital (right hemisphere) | Instance 2
p27519_i2	Volume of Pole-temporal (left hemisphere) | Instance 2
p27741_i2	Volume of Pole-temporal (right hemisphere) | Instance 2
p27520_i2	Volume of S-calcarine (left hemisphere) | Instance 2
p27742_i2	Volume of S-calcarine (right hemisphere) | Instance 2
p27521_i2	Volume of S-central (left hemisphere) | Instance 2
p27743_i2	Volume of S-central (right hemisphere) | Instance 2
p27522_i2	Volume of S-cingul-Marginalis (left hemisphere) | Instance 2
p27744_i2	Volume of S-cingul-Marginalis (right hemisphere) | Instance 2
p27523_i2	Volume of S-circular-insula-ant (left hemisphere) | Instance 2
p27745_i2	Volume of S-circular-insula-ant (right hemisphere) | Instance 2
p27524_i2	Volume of S-circular-insula-inf (left hemisphere) | Instance 2
p27746_i2	Volume of S-circular-insula-inf (right hemisphere) | Instance 2
p27525_i2	Volume of S-circular-insula-sup (left hemisphere) | Instance 2
p27747_i2	Volume of S-circular-insula-sup (right hemisphere) | Instance 2
p27526_i2	Volume of S-collat-transv-ant (left hemisphere) | Instance 2
p27748_i2	Volume of S-collat-transv-ant (right hemisphere) | Instance 2
p27527_i2	Volume of S-collat-transv-post (left hemisphere) | Instance 2
p27749_i2	Volume of S-collat-transv-post (right hemisphere) | Instance 2
p27528_i2	Volume of S-front-inf (left hemisphere) | Instance 2
p27750_i2	Volume of S-front-inf (right hemisphere) | Instance 2
p27529_i2	Volume of S-front-middle (left hemisphere) | Instance 2
p27751_i2	Volume of S-front-middle (right hemisphere) | Instance 2
p27530_i2	Volume of S-front-sup (left hemisphere) | Instance 2
p27752_i2	Volume of S-front-sup (right hemisphere) | Instance 2
p27531_i2	Volume of S-interm-prim-Jensen (left hemisphere) | Instance 2
p27753_i2	Volume of S-interm-prim-Jensen (right hemisphere) | Instance 2
p27532_i2	Volume of S-intrapariet+P-trans (left hemisphere) | Instance 2
p27754_i2	Volume of S-intrapariet+P-trans (right hemisphere) | Instance 2
p27533_i2	Volume of S-oc-middle+Lunatus (left hemisphere) | Instance 2
p27755_i2	Volume of S-oc-middle+Lunatus (right hemisphere) | Instance 2
p27534_i2	Volume of S-oc-sup+transversal (left hemisphere) | Instance 2
p27756_i2	Volume of S-oc-sup+transversal (right hemisphere) | Instance 2
p27536_i2	Volume of S-oc-temp-lat (left hemisphere) | Instance 2
p27758_i2	Volume of S-oc-temp-lat (right hemisphere) | Instance 2
p27537_i2	Volume of S-oc-temp-med+Lingual (left hemisphere) | Instance 2
p27759_i2	Volume of S-oc-temp-med+Lingual (right hemisphere) | Instance 2
p27535_i2	Volume of S-occipital-ant (left hemisphere) | Instance 2
p27757_i2	Volume of S-occipital-ant (right hemisphere) | Instance 2
p27540_i2	Volume of S-orbital-H-Shaped (left hemisphere) | Instance 2
p27762_i2	Volume of S-orbital-H-Shaped (right hemisphere) | Instance 2
p27538_i2	Volume of S-orbital-lateral (left hemisphere) | Instance 2
p27760_i2	Volume of S-orbital-lateral (right hemisphere) | Instance 2
p27539_i2	Volume of S-orbital-med-olfact (left hemisphere) | Instance 2
p27761_i2	Volume of S-orbital-med-olfact (right hemisphere) | Instance 2
p27541_i2	Volume of S-parieto-occipital (left hemisphere) | Instance 2
p27763_i2	Volume of S-parieto-occipital (right hemisphere) | Instance 2
p27542_i2	Volume of S-pericallosal (left hemisphere) | Instance 2
p27764_i2	Volume of S-pericallosal (right hemisphere) | Instance 2
p27543_i2	Volume of S-postcentral (left hemisphere) | Instance 2
p27765_i2	Volume of S-postcentral (right hemisphere) | Instance 2
p27544_i2	Volume of S-precentral-inf-part (left hemisphere) | Instance 2
p27766_i2	Volume of S-precentral-inf-part (right hemisphere) | Instance 2
p27545_i2	Volume of S-precentral-sup-part (left hemisphere) | Instance 2
p27767_i2	Volume of S-precentral-sup-part (right hemisphere) | Instance 2
p27546_i2	Volume of S-suborbital (left hemisphere) | Instance 2
p27768_i2	Volume of S-suborbital (right hemisphere) | Instance 2
p27547_i2	Volume of S-subparietal (left hemisphere) | Instance 2
p27769_i2	Volume of S-subparietal (right hemisphere) | Instance 2
p27548_i2	Volume of S-temporal-inf (left hemisphere) | Instance 2
p27770_i2	Volume of S-temporal-inf (right hemisphere) | Instance 2
p27549_i2	Volume of S-temporal-sup (left hemisphere) | Instance 2
p27771_i2	Volume of S-temporal-sup (right hemisphere) | Instance 2
p27550_i2	Volume of S-temporal-transverse (left hemisphere) | Instance 2
p27772_i2	Volume of S-temporal-transverse (right hemisphere) | Instance 2
p27143_i2	Area of caudalanteriorcingulate (left hemisphere) | Instance 2
p27236_i2	Area of caudalanteriorcingulate (right hemisphere) | Instance 2
p27144_i2	Area of caudalmiddlefrontal (left hemisphere) | Instance 2
p27237_i2	Area of caudalmiddlefrontal (right hemisphere) | Instance 2
p27145_i2	Area of cuneus (left hemisphere) | Instance 2
p27238_i2	Area of cuneus (right hemisphere) | Instance 2
p27146_i2	Area of entorhinal (left hemisphere) | Instance 2
p27239_i2	Area of entorhinal (right hemisphere) | Instance 2
p27147_i2	Area of fusiform (left hemisphere) | Instance 2
p27240_i2	Area of fusiform (right hemisphere) | Instance 2
p27148_i2	Area of inferiorparietal (left hemisphere) | Instance 2
p27241_i2	Area of inferiorparietal (right hemisphere) | Instance 2
p27149_i2	Area of inferiortemporal (left hemisphere) | Instance 2
p27242_i2	Area of inferiortemporal (right hemisphere) | Instance 2
p27173_i2	Area of insula (left hemisphere) | Instance 2
p27266_i2	Area of insula (right hemisphere) | Instance 2
p27150_i2	Area of isthmuscingulate (left hemisphere) | Instance 2
p27243_i2	Area of isthmuscingulate (right hemisphere) | Instance 2
p27151_i2	Area of lateraloccipital (left hemisphere) | Instance 2
p27244_i2	Area of lateraloccipital (right hemisphere) | Instance 2
p27152_i2	Area of lateralorbitofrontal (left hemisphere) | Instance 2
p27245_i2	Area of lateralorbitofrontal (right hemisphere) | Instance 2
p27153_i2	Area of lingual (left hemisphere) | Instance 2
p27246_i2	Area of lingual (right hemisphere) | Instance 2
p27154_i2	Area of medialorbitofrontal (left hemisphere) | Instance 2
p27247_i2	Area of medialorbitofrontal (right hemisphere) | Instance 2
p27155_i2	Area of middletemporal (left hemisphere) | Instance 2
p27248_i2	Area of middletemporal (right hemisphere) | Instance 2
p27157_i2	Area of paracentral (left hemisphere) | Instance 2
p27250_i2	Area of paracentral (right hemisphere) | Instance 2
p27156_i2	Area of parahippocampal (left hemisphere) | Instance 2
p27249_i2	Area of parahippocampal (right hemisphere) | Instance 2
p27158_i2	Area of parsopercularis (left hemisphere) | Instance 2
p27251_i2	Area of parsopercularis (right hemisphere) | Instance 2
p27159_i2	Area of parsorbitalis (left hemisphere) | Instance 2
p27252_i2	Area of parsorbitalis (right hemisphere) | Instance 2
p27160_i2	Area of parstriangularis (left hemisphere) | Instance 2
p27253_i2	Area of parstriangularis (right hemisphere) | Instance 2
p27161_i2	Area of pericalcarine (left hemisphere) | Instance 2
p27254_i2	Area of pericalcarine (right hemisphere) | Instance 2
p27162_i2	Area of postcentral (left hemisphere) | Instance 2
p27255_i2	Area of postcentral (right hemisphere) | Instance 2
p27163_i2	Area of posteriorcingulate (left hemisphere) | Instance 2
p27256_i2	Area of posteriorcingulate (right hemisphere) | Instance 2
p27164_i2	Area of precentral (left hemisphere) | Instance 2
p27257_i2	Area of precentral (right hemisphere) | Instance 2
p27165_i2	Area of precuneus (left hemisphere) | Instance 2
p27258_i2	Area of precuneus (right hemisphere) | Instance 2
p27166_i2	Area of rostralanteriorcingulate (left hemisphere) | Instance 2
p27259_i2	Area of rostralanteriorcingulate (right hemisphere) | Instance 2
p27167_i2	Area of rostralmiddlefrontal (left hemisphere) | Instance 2
p27260_i2	Area of rostralmiddlefrontal (right hemisphere) | Instance 2
p27168_i2	Area of superiorfrontal (left hemisphere) | Instance 2
p27261_i2	Area of superiorfrontal (right hemisphere) | Instance 2
p27169_i2	Area of superiorparietal (left hemisphere) | Instance 2
p27262_i2	Area of superiorparietal (right hemisphere) | Instance 2
p27170_i2	Area of superiortemporal (left hemisphere) | Instance 2
p27263_i2	Area of superiortemporal (right hemisphere) | Instance 2
p27171_i2	Area of supramarginal (left hemisphere) | Instance 2
p27264_i2	Area of supramarginal (right hemisphere) | Instance 2
p27172_i2	Area of transversetemporal (left hemisphere) | Instance 2
p27265_i2	Area of transversetemporal (right hemisphere) | Instance 2
p27174_i2	Mean thickness of caudalanteriorcingulate (left hemisphere) | Instance 2
p27267_i2	Mean thickness of caudalanteriorcingulate (right hemisphere) | Instance 2
p27175_i2	Mean thickness of caudalmiddlefrontal (left hemisphere) | Instance 2
p27268_i2	Mean thickness of caudalmiddlefrontal (right hemisphere) | Instance 2
p27176_i2	Mean thickness of cuneus (left hemisphere) | Instance 2
p27269_i2	Mean thickness of cuneus (right hemisphere) | Instance 2
p27177_i2	Mean thickness of entorhinal (left hemisphere) | Instance 2
p27270_i2	Mean thickness of entorhinal (right hemisphere) | Instance 2
p27178_i2	Mean thickness of fusiform (left hemisphere) | Instance 2
p27271_i2	Mean thickness of fusiform (right hemisphere) | Instance 2
p27179_i2	Mean thickness of inferiorparietal (left hemisphere) | Instance 2
p27272_i2	Mean thickness of inferiorparietal (right hemisphere) | Instance 2
p27180_i2	Mean thickness of inferiortemporal (left hemisphere) | Instance 2
p27273_i2	Mean thickness of inferiortemporal (right hemisphere) | Instance 2
p27204_i2	Mean thickness of insula (left hemisphere) | Instance 2
p27297_i2	Mean thickness of insula (right hemisphere) | Instance 2
p27181_i2	Mean thickness of isthmuscingulate (left hemisphere) | Instance 2
p27274_i2	Mean thickness of isthmuscingulate (right hemisphere) | Instance 2
p27182_i2	Mean thickness of lateraloccipital (left hemisphere) | Instance 2
p27275_i2	Mean thickness of lateraloccipital (right hemisphere) | Instance 2
p27183_i2	Mean thickness of lateralorbitofrontal (left hemisphere) | Instance 2
p27276_i2	Mean thickness of lateralorbitofrontal (right hemisphere) | Instance 2
p27184_i2	Mean thickness of lingual (left hemisphere) | Instance 2
p27277_i2	Mean thickness of lingual (right hemisphere) | Instance 2
p27185_i2	Mean thickness of medialorbitofrontal (left hemisphere) | Instance 2
p27278_i2	Mean thickness of medialorbitofrontal (right hemisphere) | Instance 2
p27186_i2	Mean thickness of middletemporal (left hemisphere) | Instance 2
p27279_i2	Mean thickness of middletemporal (right hemisphere) | Instance 2
p27188_i2	Mean thickness of paracentral (left hemisphere) | Instance 2
p27281_i2	Mean thickness of paracentral (right hemisphere) | Instance 2
p27187_i2	Mean thickness of parahippocampal (left hemisphere) | Instance 2
p27280_i2	Mean thickness of parahippocampal (right hemisphere) | Instance 2
p27189_i2	Mean thickness of parsopercularis (left hemisphere) | Instance 2
p27282_i2	Mean thickness of parsopercularis (right hemisphere) | Instance 2
p27190_i2	Mean thickness of parsorbitalis (left hemisphere) | Instance 2
p27283_i2	Mean thickness of parsorbitalis (right hemisphere) | Instance 2
p27191_i2	Mean thickness of parstriangularis (left hemisphere) | Instance 2
p27284_i2	Mean thickness of parstriangularis (right hemisphere) | Instance 2
p27192_i2	Mean thickness of pericalcarine (left hemisphere) | Instance 2
p27285_i2	Mean thickness of pericalcarine (right hemisphere) | Instance 2
p27193_i2	Mean thickness of postcentral (left hemisphere) | Instance 2
p27286_i2	Mean thickness of postcentral (right hemisphere) | Instance 2
p27194_i2	Mean thickness of posteriorcingulate (left hemisphere) | Instance 2
p27287_i2	Mean thickness of posteriorcingulate (right hemisphere) | Instance 2
p27195_i2	Mean thickness of precentral (left hemisphere) | Instance 2
p27288_i2	Mean thickness of precentral (right hemisphere) | Instance 2
p27196_i2	Mean thickness of precuneus (left hemisphere) | Instance 2
p27289_i2	Mean thickness of precuneus (right hemisphere) | Instance 2
p27197_i2	Mean thickness of rostralanteriorcingulate (left hemisphere) | Instance 2
p27290_i2	Mean thickness of rostralanteriorcingulate (right hemisphere) | Instance 2
p27198_i2	Mean thickness of rostralmiddlefrontal (left hemisphere) | Instance 2
p27291_i2	Mean thickness of rostralmiddlefrontal (right hemisphere) | Instance 2
p27199_i2	Mean thickness of superiorfrontal (left hemisphere) | Instance 2
p27292_i2	Mean thickness of superiorfrontal (right hemisphere) | Instance 2
p27200_i2	Mean thickness of superiorparietal (left hemisphere) | Instance 2
p27293_i2	Mean thickness of superiorparietal (right hemisphere) | Instance 2
p27201_i2	Mean thickness of superiortemporal (left hemisphere) | Instance 2
p27294_i2	Mean thickness of superiortemporal (right hemisphere) | Instance 2
p27202_i2	Mean thickness of supramarginal (left hemisphere) | Instance 2
p27295_i2	Mean thickness of supramarginal (right hemisphere) | Instance 2
p27203_i2	Mean thickness of transversetemporal (left hemisphere) | Instance 2
p27296_i2	Mean thickness of transversetemporal (right hemisphere) | Instance 2
p27205_i2	Volume of caudalanteriorcingulate (left hemisphere) | Instance 2
p27298_i2	Volume of caudalanteriorcingulate (right hemisphere) | Instance 2
p27206_i2	Volume of caudalmiddlefrontal (left hemisphere) | Instance 2
p27299_i2	Volume of caudalmiddlefrontal (right hemisphere) | Instance 2
p27207_i2	Volume of cuneus (left hemisphere) | Instance 2
p27300_i2	Volume of cuneus (right hemisphere) | Instance 2
p27208_i2	Volume of entorhinal (left hemisphere) | Instance 2
p27301_i2	Volume of entorhinal (right hemisphere) | Instance 2
p27209_i2	Volume of fusiform (left hemisphere) | Instance 2
p27302_i2	Volume of fusiform (right hemisphere) | Instance 2
p27210_i2	Volume of inferiorparietal (left hemisphere) | Instance 2
p27303_i2	Volume of inferiorparietal (right hemisphere) | Instance 2
p27211_i2	Volume of inferiortemporal (left hemisphere) | Instance 2
p27304_i2	Volume of inferiortemporal (right hemisphere) | Instance 2
p27235_i2	Volume of insula (left hemisphere) | Instance 2
p27328_i2	Volume of insula (right hemisphere) | Instance 2
p27212_i2	Volume of isthmuscingulate (left hemisphere) | Instance 2
p27305_i2	Volume of isthmuscingulate (right hemisphere) | Instance 2
p27213_i2	Volume of lateraloccipital (left hemisphere) | Instance 2
p27306_i2	Volume of lateraloccipital (right hemisphere) | Instance 2
p27214_i2	Volume of lateralorbitofrontal (left hemisphere) | Instance 2
p27307_i2	Volume of lateralorbitofrontal (right hemisphere) | Instance 2
p27215_i2	Volume of lingual (left hemisphere) | Instance 2
p27308_i2	Volume of lingual (right hemisphere) | Instance 2
p27216_i2	Volume of medialorbitofrontal (left hemisphere) | Instance 2
p27309_i2	Volume of medialorbitofrontal (right hemisphere) | Instance 2
p27217_i2	Volume of middletemporal (left hemisphere) | Instance 2
p27310_i2	Volume of middletemporal (right hemisphere) | Instance 2
p27219_i2	Volume of paracentral (left hemisphere) | Instance 2
p27312_i2	Volume of paracentral (right hemisphere) | Instance 2
p27218_i2	Volume of parahippocampal (left hemisphere) | Instance 2
p27311_i2	Volume of parahippocampal (right hemisphere) | Instance 2
p27220_i2	Volume of parsopercularis (left hemisphere) | Instance 2
p27313_i2	Volume of parsopercularis (right hemisphere) | Instance 2
p27221_i2	Volume of parsorbitalis (left hemisphere) | Instance 2
p27314_i2	Volume of parsorbitalis (right hemisphere) | Instance 2
p27222_i2	Volume of parstriangularis (left hemisphere) | Instance 2
p27315_i2	Volume of parstriangularis (right hemisphere) | Instance 2
p27223_i2	Volume of pericalcarine (left hemisphere) | Instance 2
p27316_i2	Volume of pericalcarine (right hemisphere) | Instance 2
p27224_i2	Volume of postcentral (left hemisphere) | Instance 2
p27317_i2	Volume of postcentral (right hemisphere) | Instance 2
p27225_i2	Volume of posteriorcingulate (left hemisphere) | Instance 2
p27318_i2	Volume of posteriorcingulate (right hemisphere) | Instance 2
p27226_i2	Volume of precentral (left hemisphere) | Instance 2
p27319_i2	Volume of precentral (right hemisphere) | Instance 2
p27227_i2	Volume of precuneus (left hemisphere) | Instance 2
p27320_i2	Volume of precuneus (right hemisphere) | Instance 2
p27228_i2	Volume of rostralanteriorcingulate (left hemisphere) | Instance 2
p27321_i2	Volume of rostralanteriorcingulate (right hemisphere) | Instance 2
p27229_i2	Volume of rostralmiddlefrontal (left hemisphere) | Instance 2
p27322_i2	Volume of rostralmiddlefrontal (right hemisphere) | Instance 2
p27230_i2	Volume of superiorfrontal (left hemisphere) | Instance 2
p27323_i2	Volume of superiorfrontal (right hemisphere) | Instance 2
p27231_i2	Volume of superiorparietal (left hemisphere) | Instance 2
p27324_i2	Volume of superiorparietal (right hemisphere) | Instance 2
p27232_i2	Volume of superiortemporal (left hemisphere) | Instance 2
p27325_i2	Volume of superiortemporal (right hemisphere) | Instance 2
p27233_i2	Volume of supramarginal (left hemisphere) | Instance 2
p27326_i2	Volume of supramarginal (right hemisphere) | Instance 2
p27234_i2	Volume of transversetemporal (left hemisphere) | Instance 2
p27327_i2	Volume of transversetemporal (right hemisphere) | Instance 2
p26990_i2	Grey-white contrast in bankssts (left hemisphere) | Instance 2
p27025_i2	Grey-white contrast in bankssts (right hemisphere) | Instance 2
p26991_i2	Grey-white contrast in caudalanteriorcingulate (left hemisphere) | Instance 2
p27026_i2	Grey-white contrast in caudalanteriorcingulate (right hemisphere) | Instance 2
p26992_i2	Grey-white contrast in caudalmiddlefrontal (left hemisphere) | Instance 2
p27027_i2	Grey-white contrast in caudalmiddlefrontal (right hemisphere) | Instance 2
p26993_i2	Grey-white contrast in cuneus (left hemisphere) | Instance 2
p27028_i2	Grey-white contrast in cuneus (right hemisphere) | Instance 2
p26994_i2	Grey-white contrast in entorhinal (left hemisphere) | Instance 2
p27029_i2	Grey-white contrast in entorhinal (right hemisphere) | Instance 2
p27020_i2	Grey-white contrast in frontalpole (left hemisphere) | Instance 2
p27055_i2	Grey-white contrast in frontalpole (right hemisphere) | Instance 2
p26995_i2	Grey-white contrast in fusiform (left hemisphere) | Instance 2
p27030_i2	Grey-white contrast in fusiform (right hemisphere) | Instance 2
p26996_i2	Grey-white contrast in inferiorparietal (left hemisphere) | Instance 2
p27031_i2	Grey-white contrast in inferiorparietal (right hemisphere) | Instance 2
p26997_i2	Grey-white contrast in inferiortemporal (left hemisphere) | Instance 2
p27032_i2	Grey-white contrast in inferiortemporal (right hemisphere) | Instance 2
p27023_i2	Grey-white contrast in insula (left hemisphere) | Instance 2
p27058_i2	Grey-white contrast in insula (right hemisphere) | Instance 2
p26998_i2	Grey-white contrast in isthmuscingulate (left hemisphere) | Instance 2
p27033_i2	Grey-white contrast in isthmuscingulate (right hemisphere) | Instance 2
p26999_i2	Grey-white contrast in lateraloccipital (left hemisphere) | Instance 2
p27034_i2	Grey-white contrast in lateraloccipital (right hemisphere) | Instance 2
p27000_i2	Grey-white contrast in lateralorbitofrontal (left hemisphere) | Instance 2
p27035_i2	Grey-white contrast in lateralorbitofrontal (right hemisphere) | Instance 2
p27001_i2	Grey-white contrast in lingual (left hemisphere) | Instance 2
p27036_i2	Grey-white contrast in lingual (right hemisphere) | Instance 2
p27002_i2	Grey-white contrast in medialorbitofrontal (left hemisphere) | Instance 2
p27037_i2	Grey-white contrast in medialorbitofrontal (right hemisphere) | Instance 2
p27003_i2	Grey-white contrast in middletemporal (left hemisphere) | Instance 2
p27038_i2	Grey-white contrast in middletemporal (right hemisphere) | Instance 2
p27005_i2	Grey-white contrast in paracentral (left hemisphere) | Instance 2
p27040_i2	Grey-white contrast in paracentral (right hemisphere) | Instance 2
p27004_i2	Grey-white contrast in parahippocampal (left hemisphere) | Instance 2
p27039_i2	Grey-white contrast in parahippocampal (right hemisphere) | Instance 2
p27006_i2	Grey-white contrast in parsopercularis (left hemisphere) | Instance 2
p27041_i2	Grey-white contrast in parsopercularis (right hemisphere) | Instance 2
p27007_i2	Grey-white contrast in parsorbitalis (left hemisphere) | Instance 2
p27042_i2	Grey-white contrast in parsorbitalis (right hemisphere) | Instance 2
p27008_i2	Grey-white contrast in parstriangularis (left hemisphere) | Instance 2
p27043_i2	Grey-white contrast in parstriangularis (right hemisphere) | Instance 2
p27009_i2	Grey-white contrast in pericalcarine (left hemisphere) | Instance 2
p27044_i2	Grey-white contrast in pericalcarine (right hemisphere) | Instance 2
p27010_i2	Grey-white contrast in postcentral (left hemisphere) | Instance 2
p27045_i2	Grey-white contrast in postcentral (right hemisphere) | Instance 2
p27011_i2	Grey-white contrast in posteriorcingulate (left hemisphere) | Instance 2
p27046_i2	Grey-white contrast in posteriorcingulate (right hemisphere) | Instance 2
p27012_i2	Grey-white contrast in precentral (left hemisphere) | Instance 2
p27047_i2	Grey-white contrast in precentral (right hemisphere) | Instance 2
p27013_i2	Grey-white contrast in precuneus (left hemisphere) | Instance 2
p27048_i2	Grey-white contrast in precuneus (right hemisphere) | Instance 2
p27014_i2	Grey-white contrast in rostralanteriorcingulate (left hemisphere) | Instance 2
p27049_i2	Grey-white contrast in rostralanteriorcingulate (right hemisphere) | Instance 2
p27015_i2	Grey-white contrast in rostralmiddlefrontal (left hemisphere) | Instance 2
p27050_i2	Grey-white contrast in rostralmiddlefrontal (right hemisphere) | Instance 2
p27016_i2	Grey-white contrast in superiorfrontal (left hemisphere) | Instance 2
p27051_i2	Grey-white contrast in superiorfrontal (right hemisphere) | Instance 2
p27017_i2	Grey-white contrast in superiorparietal (left hemisphere) | Instance 2
p27052_i2	Grey-white contrast in superiorparietal (right hemisphere) | Instance 2
p27018_i2	Grey-white contrast in superiortemporal (left hemisphere) | Instance 2
p27053_i2	Grey-white contrast in superiortemporal (right hemisphere) | Instance 2
p27019_i2	Grey-white contrast in supramarginal (left hemisphere) | Instance 2
p27054_i2	Grey-white contrast in supramarginal (right hemisphere) | Instance 2
p27021_i2	Grey-white contrast in temporalpole (left hemisphere) | Instance 2
p27056_i2	Grey-white contrast in temporalpole (right hemisphere) | Instance 2
p27022_i2	Grey-white contrast in transversetemporal (left hemisphere) | Instance 2
p27057_i2	Grey-white contrast in transversetemporal (right hemisphere) | Instance 2
p26989_i2	Grey-white contrast in unknown (left hemisphere) | Instance 2
p27024_i2	Grey-white contrast in unknown (right hemisphere) | Instance 2
p26923_i2	Area of TotalSurface (left hemisphere) | Instance 2
p26956_i2	Area of TotalSurface (right hemisphere) | Instance 2
p26924_i2	Area of bankssts (left hemisphere) | Instance 2
p26957_i2	Area of bankssts (right hemisphere) | Instance 2
p26925_i2	Area of caudalanteriorcingulate (left hemisphere) | Instance 2
p26958_i2	Area of caudalanteriorcingulate (right hemisphere) | Instance 2
p26926_i2	Area of caudalmiddlefrontal (left hemisphere) | Instance 2
p26959_i2	Area of caudalmiddlefrontal (right hemisphere) | Instance 2
p26927_i2	Area of cuneus (left hemisphere) | Instance 2
p26960_i2	Area of cuneus (right hemisphere) | Instance 2
p26928_i2	Area of entorhinal (left hemisphere) | Instance 2
p26961_i2	Area of entorhinal (right hemisphere) | Instance 2
p26954_i2	Area of frontalpole (left hemisphere) | Instance 2
p26987_i2	Area of frontalpole (right hemisphere) | Instance 2
p26929_i2	Area of fusiform (left hemisphere) | Instance 2
p26962_i2	Area of fusiform (right hemisphere) | Instance 2
p26930_i2	Area of inferiorparietal (left hemisphere) | Instance 2
p26963_i2	Area of inferiorparietal (right hemisphere) | Instance 2
p26931_i2	Area of inferiortemporal (left hemisphere) | Instance 2
p26964_i2	Area of inferiortemporal (right hemisphere) | Instance 2
p26932_i2	Area of isthmuscingulate (left hemisphere) | Instance 2
p26965_i2	Area of isthmuscingulate (right hemisphere) | Instance 2
p26933_i2	Area of lateraloccipital (left hemisphere) | Instance 2
p26966_i2	Area of lateraloccipital (right hemisphere) | Instance 2
p26934_i2	Area of lateralorbitofrontal (left hemisphere) | Instance 2
p26967_i2	Area of lateralorbitofrontal (right hemisphere) | Instance 2
p26935_i2	Area of lingual (left hemisphere) | Instance 2
p26968_i2	Area of lingual (right hemisphere) | Instance 2
p26936_i2	Area of medialorbitofrontal (left hemisphere) | Instance 2
p26969_i2	Area of medialorbitofrontal (right hemisphere) | Instance 2
p26937_i2	Area of middletemporal (left hemisphere) | Instance 2
p26970_i2	Area of middletemporal (right hemisphere) | Instance 2
p26939_i2	Area of paracentral (left hemisphere) | Instance 2
p26972_i2	Area of paracentral (right hemisphere) | Instance 2
p26938_i2	Area of parahippocampal (left hemisphere) | Instance 2
p26971_i2	Area of parahippocampal (right hemisphere) | Instance 2
p26940_i2	Area of parsopercularis (left hemisphere) | Instance 2
p26973_i2	Area of parsopercularis (right hemisphere) | Instance 2
p26941_i2	Area of parsorbitalis (left hemisphere) | Instance 2
p26974_i2	Area of parsorbitalis (right hemisphere) | Instance 2
p26942_i2	Area of parstriangularis (left hemisphere) | Instance 2
p26975_i2	Area of parstriangularis (right hemisphere) | Instance 2
p26943_i2	Area of pericalcarine (left hemisphere) | Instance 2
p26976_i2	Area of pericalcarine (right hemisphere) | Instance 2
p26944_i2	Area of postcentral (left hemisphere) | Instance 2
p26977_i2	Area of postcentral (right hemisphere) | Instance 2
p26945_i2	Area of posteriorcingulate (left hemisphere) | Instance 2
p26978_i2	Area of posteriorcingulate (right hemisphere) | Instance 2
p26946_i2	Area of precentral (left hemisphere) | Instance 2
p26979_i2	Area of precentral (right hemisphere) | Instance 2
p26947_i2	Area of precuneus (left hemisphere) | Instance 2
p26980_i2	Area of precuneus (right hemisphere) | Instance 2
p26948_i2	Area of rostralanteriorcingulate (left hemisphere) | Instance 2
p26981_i2	Area of rostralanteriorcingulate (right hemisphere) | Instance 2
p26949_i2	Area of rostralmiddlefrontal (left hemisphere) | Instance 2
p26982_i2	Area of rostralmiddlefrontal (right hemisphere) | Instance 2
p26950_i2	Area of superiorfrontal (left hemisphere) | Instance 2
p26983_i2	Area of superiorfrontal (right hemisphere) | Instance 2
p26951_i2	Area of superiorparietal (left hemisphere) | Instance 2
p26984_i2	Area of superiorparietal (right hemisphere) | Instance 2
p26952_i2	Area of superiortemporal (left hemisphere) | Instance 2
p26985_i2	Area of superiortemporal (right hemisphere) | Instance 2
p26953_i2	Area of supramarginal (left hemisphere) | Instance 2
p26986_i2	Area of supramarginal (right hemisphere) | Instance 2
p26955_i2	Area of transversetemporal (left hemisphere) | Instance 2
p26988_i2	Area of transversetemporal (right hemisphere) | Instance 2
p26721_i2	Area of TotalSurface (left hemisphere) | Instance 2
p26822_i2	Area of TotalSurface (right hemisphere) | Instance 2
p26722_i2	Area of bankssts (left hemisphere) | Instance 2
p26823_i2	Area of bankssts (right hemisphere) | Instance 2
p26723_i2	Area of caudalanteriorcingulate (left hemisphere) | Instance 2
p26824_i2	Area of caudalanteriorcingulate (right hemisphere) | Instance 2
p26724_i2	Area of caudalmiddlefrontal (left hemisphere) | Instance 2
p26825_i2	Area of caudalmiddlefrontal (right hemisphere) | Instance 2
p26725_i2	Area of cuneus (left hemisphere) | Instance 2
p26826_i2	Area of cuneus (right hemisphere) | Instance 2
p26726_i2	Area of entorhinal (left hemisphere) | Instance 2
p26827_i2	Area of entorhinal (right hemisphere) | Instance 2
p26752_i2	Area of frontalpole (left hemisphere) | Instance 2
p26853_i2	Area of frontalpole (right hemisphere) | Instance 2
p26727_i2	Area of fusiform (left hemisphere) | Instance 2
p26828_i2	Area of fusiform (right hemisphere) | Instance 2
p26728_i2	Area of inferiorparietal (left hemisphere) | Instance 2
p26829_i2	Area of inferiorparietal (right hemisphere) | Instance 2
p26729_i2	Area of inferiortemporal (left hemisphere) | Instance 2
p26830_i2	Area of inferiortemporal (right hemisphere) | Instance 2
p26754_i2	Area of insula (left hemisphere) | Instance 2
p26855_i2	Area of insula (right hemisphere) | Instance 2
p26730_i2	Area of isthmuscingulate (left hemisphere) | Instance 2
p26831_i2	Area of isthmuscingulate (right hemisphere) | Instance 2
p26731_i2	Area of lateraloccipital (left hemisphere) | Instance 2
p26832_i2	Area of lateraloccipital (right hemisphere) | Instance 2
p26732_i2	Area of lateralorbitofrontal (left hemisphere) | Instance 2
p26833_i2	Area of lateralorbitofrontal (right hemisphere) | Instance 2
p26733_i2	Area of lingual (left hemisphere) | Instance 2
p26834_i2	Area of lingual (right hemisphere) | Instance 2
p26734_i2	Area of medialorbitofrontal (left hemisphere) | Instance 2
p26835_i2	Area of medialorbitofrontal (right hemisphere) | Instance 2
p26735_i2	Area of middletemporal (left hemisphere) | Instance 2
p26836_i2	Area of middletemporal (right hemisphere) | Instance 2
p26737_i2	Area of paracentral (left hemisphere) | Instance 2
p26838_i2	Area of paracentral (right hemisphere) | Instance 2
p26736_i2	Area of parahippocampal (left hemisphere) | Instance 2
p26837_i2	Area of parahippocampal (right hemisphere) | Instance 2
p26738_i2	Area of parsopercularis (left hemisphere) | Instance 2
p26839_i2	Area of parsopercularis (right hemisphere) | Instance 2
p26739_i2	Area of parsorbitalis (left hemisphere) | Instance 2
p26840_i2	Area of parsorbitalis (right hemisphere) | Instance 2
p26740_i2	Area of parstriangularis (left hemisphere) | Instance 2
p26841_i2	Area of parstriangularis (right hemisphere) | Instance 2
p26741_i2	Area of pericalcarine (left hemisphere) | Instance 2
p26842_i2	Area of pericalcarine (right hemisphere) | Instance 2
p26742_i2	Area of postcentral (left hemisphere) | Instance 2
p26843_i2	Area of postcentral (right hemisphere) | Instance 2
p26743_i2	Area of posteriorcingulate (left hemisphere) | Instance 2
p26844_i2	Area of posteriorcingulate (right hemisphere) | Instance 2
p26744_i2	Area of precentral (left hemisphere) | Instance 2
p26845_i2	Area of precentral (right hemisphere) | Instance 2
p26745_i2	Area of precuneus (left hemisphere) | Instance 2
p26846_i2	Area of precuneus (right hemisphere) | Instance 2
p26746_i2	Area of rostralanteriorcingulate (left hemisphere) | Instance 2
p26847_i2	Area of rostralanteriorcingulate (right hemisphere) | Instance 2
p26747_i2	Area of rostralmiddlefrontal (left hemisphere) | Instance 2
p26848_i2	Area of rostralmiddlefrontal (right hemisphere) | Instance 2
p26748_i2	Area of superiorfrontal (left hemisphere) | Instance 2
p26849_i2	Area of superiorfrontal (right hemisphere) | Instance 2
p26749_i2	Area of superiorparietal (left hemisphere) | Instance 2
p26850_i2	Area of superiorparietal (right hemisphere) | Instance 2
p26750_i2	Area of superiortemporal (left hemisphere) | Instance 2
p26851_i2	Area of superiortemporal (right hemisphere) | Instance 2
p26751_i2	Area of supramarginal (left hemisphere) | Instance 2
p26852_i2	Area of supramarginal (right hemisphere) | Instance 2
p26753_i2	Area of transversetemporal (left hemisphere) | Instance 2
p26854_i2	Area of transversetemporal (right hemisphere) | Instance 2
p26755_i2	Mean thickness of GlobalMeanMean thickness (left hemisphere) | Instance 2
p26856_i2	Mean thickness of GlobalMeanMean thickness (right hemisphere) | Instance 2
p26756_i2	Mean thickness of bankssts (left hemisphere) | Instance 2
p26857_i2	Mean thickness of bankssts (right hemisphere) | Instance 2
p26757_i2	Mean thickness of caudalanteriorcingulate (left hemisphere) | Instance 2
p26858_i2	Mean thickness of caudalanteriorcingulate (right hemisphere) | Instance 2
p26758_i2	Mean thickness of caudalmiddlefrontal (left hemisphere) | Instance 2
p26859_i2	Mean thickness of caudalmiddlefrontal (right hemisphere) | Instance 2
p26759_i2	Mean thickness of cuneus (left hemisphere) | Instance 2
p26860_i2	Mean thickness of cuneus (right hemisphere) | Instance 2
p26760_i2	Mean thickness of entorhinal (left hemisphere) | Instance 2
p26861_i2	Mean thickness of entorhinal (right hemisphere) | Instance 2
p26786_i2	Mean thickness of frontalpole (left hemisphere) | Instance 2
p26887_i2	Mean thickness of frontalpole (right hemisphere) | Instance 2
p26761_i2	Mean thickness of fusiform (left hemisphere) | Instance 2
p26862_i2	Mean thickness of fusiform (right hemisphere) | Instance 2
p26762_i2	Mean thickness of inferiorparietal (left hemisphere) | Instance 2
p26863_i2	Mean thickness of inferiorparietal (right hemisphere) | Instance 2
p26763_i2	Mean thickness of inferiortemporal (left hemisphere) | Instance 2
p26864_i2	Mean thickness of inferiortemporal (right hemisphere) | Instance 2
p26788_i2	Mean thickness of insula (left hemisphere) | Instance 2
p26889_i2	Mean thickness of insula (right hemisphere) | Instance 2
p26764_i2	Mean thickness of isthmuscingulate (left hemisphere) | Instance 2
p26865_i2	Mean thickness of isthmuscingulate (right hemisphere) | Instance 2
p26765_i2	Mean thickness of lateraloccipital (left hemisphere) | Instance 2
p26866_i2	Mean thickness of lateraloccipital (right hemisphere) | Instance 2
p26766_i2	Mean thickness of lateralorbitofrontal (left hemisphere) | Instance 2
p26867_i2	Mean thickness of lateralorbitofrontal (right hemisphere) | Instance 2
p26767_i2	Mean thickness of lingual (left hemisphere) | Instance 2
p26868_i2	Mean thickness of lingual (right hemisphere) | Instance 2
p26768_i2	Mean thickness of medialorbitofrontal (left hemisphere) | Instance 2
p26869_i2	Mean thickness of medialorbitofrontal (right hemisphere) | Instance 2
p26769_i2	Mean thickness of middletemporal (left hemisphere) | Instance 2
p26870_i2	Mean thickness of middletemporal (right hemisphere) | Instance 2
p26771_i2	Mean thickness of paracentral (left hemisphere) | Instance 2
p26872_i2	Mean thickness of paracentral (right hemisphere) | Instance 2
p26770_i2	Mean thickness of parahippocampal (left hemisphere) | Instance 2
p26871_i2	Mean thickness of parahippocampal (right hemisphere) | Instance 2
p26772_i2	Mean thickness of parsopercularis (left hemisphere) | Instance 2
p26873_i2	Mean thickness of parsopercularis (right hemisphere) | Instance 2
p26773_i2	Mean thickness of parsorbitalis (left hemisphere) | Instance 2
p26874_i2	Mean thickness of parsorbitalis (right hemisphere) | Instance 2
p26774_i2	Mean thickness of parstriangularis (left hemisphere) | Instance 2
p26875_i2	Mean thickness of parstriangularis (right hemisphere) | Instance 2
p26775_i2	Mean thickness of pericalcarine (left hemisphere) | Instance 2
p26876_i2	Mean thickness of pericalcarine (right hemisphere) | Instance 2
p26776_i2	Mean thickness of postcentral (left hemisphere) | Instance 2
p26877_i2	Mean thickness of postcentral (right hemisphere) | Instance 2
p26777_i2	Mean thickness of posteriorcingulate (left hemisphere) | Instance 2
p26878_i2	Mean thickness of posteriorcingulate (right hemisphere) | Instance 2
p26778_i2	Mean thickness of precentral (left hemisphere) | Instance 2
p26879_i2	Mean thickness of precentral (right hemisphere) | Instance 2
p26779_i2	Mean thickness of precuneus (left hemisphere) | Instance 2
p26880_i2	Mean thickness of precuneus (right hemisphere) | Instance 2
p26780_i2	Mean thickness of rostralanteriorcingulate (left hemisphere) | Instance 2
p26881_i2	Mean thickness of rostralanteriorcingulate (right hemisphere) | Instance 2
p26781_i2	Mean thickness of rostralmiddlefrontal (left hemisphere) | Instance 2
p26882_i2	Mean thickness of rostralmiddlefrontal (right hemisphere) | Instance 2
p26782_i2	Mean thickness of superiorfrontal (left hemisphere) | Instance 2
p26883_i2	Mean thickness of superiorfrontal (right hemisphere) | Instance 2
p26783_i2	Mean thickness of superiorparietal (left hemisphere) | Instance 2
p26884_i2	Mean thickness of superiorparietal (right hemisphere) | Instance 2
p26784_i2	Mean thickness of superiortemporal (left hemisphere) | Instance 2
p26885_i2	Mean thickness of superiortemporal (right hemisphere) | Instance 2
p26785_i2	Mean thickness of supramarginal (left hemisphere) | Instance 2
p26886_i2	Mean thickness of supramarginal (right hemisphere) | Instance 2
p26787_i2	Mean thickness of transversetemporal (left hemisphere) | Instance 2
p26888_i2	Mean thickness of transversetemporal (right hemisphere) | Instance 2
p26789_i2	Volume of bankssts (left hemisphere) | Instance 2
p26890_i2	Volume of bankssts (right hemisphere) | Instance 2
p26790_i2	Volume of caudalanteriorcingulate (left hemisphere) | Instance 2
p26891_i2	Volume of caudalanteriorcingulate (right hemisphere) | Instance 2
p26791_i2	Volume of caudalmiddlefrontal (left hemisphere) | Instance 2
p26892_i2	Volume of caudalmiddlefrontal (right hemisphere) | Instance 2
p26792_i2	Volume of cuneus (left hemisphere) | Instance 2
p26893_i2	Volume of cuneus (right hemisphere) | Instance 2
p26793_i2	Volume of entorhinal (left hemisphere) | Instance 2
p26894_i2	Volume of entorhinal (right hemisphere) | Instance 2
p26819_i2	Volume of frontalpole (left hemisphere) | Instance 2
p26920_i2	Volume of frontalpole (right hemisphere) | Instance 2
p26794_i2	Volume of fusiform (left hemisphere) | Instance 2
p26895_i2	Volume of fusiform (right hemisphere) | Instance 2
p26795_i2	Volume of inferiorparietal (left hemisphere) | Instance 2
p26896_i2	Volume of inferiorparietal (right hemisphere) | Instance 2
p26796_i2	Volume of inferiortemporal (left hemisphere) | Instance 2
p26897_i2	Volume of inferiortemporal (right hemisphere) | Instance 2
p26821_i2	Volume of insula (left hemisphere) | Instance 2
p26922_i2	Volume of insula (right hemisphere) | Instance 2
p26797_i2	Volume of isthmuscingulate (left hemisphere) | Instance 2
p26898_i2	Volume of isthmuscingulate (right hemisphere) | Instance 2
p26798_i2	Volume of lateraloccipital (left hemisphere) | Instance 2
p26899_i2	Volume of lateraloccipital (right hemisphere) | Instance 2
p26799_i2	Volume of lateralorbitofrontal (left hemisphere) | Instance 2
p26900_i2	Volume of lateralorbitofrontal (right hemisphere) | Instance 2
p26800_i2	Volume of lingual (left hemisphere) | Instance 2
p26901_i2	Volume of lingual (right hemisphere) | Instance 2
p26801_i2	Volume of medialorbitofrontal (left hemisphere) | Instance 2
p26902_i2	Volume of medialorbitofrontal (right hemisphere) | Instance 2
p26802_i2	Volume of middletemporal (left hemisphere) | Instance 2
p26903_i2	Volume of middletemporal (right hemisphere) | Instance 2
p26804_i2	Volume of paracentral (left hemisphere) | Instance 2
p26905_i2	Volume of paracentral (right hemisphere) | Instance 2
p26803_i2	Volume of parahippocampal (left hemisphere) | Instance 2
p26904_i2	Volume of parahippocampal (right hemisphere) | Instance 2
p26805_i2	Volume of parsopercularis (left hemisphere) | Instance 2
p26906_i2	Volume of parsopercularis (right hemisphere) | Instance 2
p26806_i2	Volume of parsorbitalis (left hemisphere) | Instance 2
p26907_i2	Volume of parsorbitalis (right hemisphere) | Instance 2
p26807_i2	Volume of parstriangularis (left hemisphere) | Instance 2
p26908_i2	Volume of parstriangularis (right hemisphere) | Instance 2
p26808_i2	Volume of pericalcarine (left hemisphere) | Instance 2
p26909_i2	Volume of pericalcarine (right hemisphere) | Instance 2
p26809_i2	Volume of postcentral (left hemisphere) | Instance 2
p26910_i2	Volume of postcentral (right hemisphere) | Instance 2
p26810_i2	Volume of posteriorcingulate (left hemisphere) | Instance 2
p26911_i2	Volume of posteriorcingulate (right hemisphere) | Instance 2
p26811_i2	Volume of precentral (left hemisphere) | Instance 2
p26912_i2	Volume of precentral (right hemisphere) | Instance 2
p26812_i2	Volume of precuneus (left hemisphere) | Instance 2
p26913_i2	Volume of precuneus (right hemisphere) | Instance 2
p26813_i2	Volume of rostralanteriorcingulate (left hemisphere) | Instance 2
p26914_i2	Volume of rostralanteriorcingulate (right hemisphere) | Instance 2
p26814_i2	Volume of rostralmiddlefrontal (left hemisphere) | Instance 2
p26915_i2	Volume of rostralmiddlefrontal (right hemisphere) | Instance 2
p26815_i2	Volume of superiorfrontal (left hemisphere) | Instance 2
p26916_i2	Volume of superiorfrontal (right hemisphere) | Instance 2
p26816_i2	Volume of superiorparietal (left hemisphere) | Instance 2
p26917_i2	Volume of superiorparietal (right hemisphere) | Instance 2
p26817_i2	Volume of superiortemporal (left hemisphere) | Instance 2
p26918_i2	Volume of superiortemporal (right hemisphere) | Instance 2
p26818_i2	Volume of supramarginal (left hemisphere) | Instance 2
p26919_i2	Volume of supramarginal (right hemisphere) | Instance 2
p26820_i2	Volume of transversetemporal (left hemisphere) | Instance 2
p26921_i2	Volume of transversetemporal (right hemisphere) | Instance 2
p26684_i2	Volume of AV (left hemisphere) | Instance 2
p26710_i2	Volume of AV (right hemisphere) | Instance 2
p26602_i2	Volume of Accessory-Basal-nucleus (left hemisphere) | Instance 2
p26612_i2	Volume of Accessory-Basal-nucleus (right hemisphere) | Instance 2
p26603_i2	Volume of Anterior-amygdaloid-area-AAA (left hemisphere) | Instance 2
p26613_i2	Volume of Anterior-amygdaloid-area-AAA (right hemisphere) | Instance 2
p26601_i2	Volume of Basal-nucleus (left hemisphere) | Instance 2
p26611_i2	Volume of Basal-nucleus (right hemisphere) | Instance 2
p26622_i2	Volume of CA1-body (left hemisphere) | Instance 2
p26644_i2	Volume of CA1-body (right hemisphere) | Instance 2
p26626_i2	Volume of CA1-head (left hemisphere) | Instance 2
p26648_i2	Volume of CA1-head (right hemisphere) | Instance 2
p26632_i2	Volume of CA3-body (left hemisphere) | Instance 2
p26654_i2	Volume of CA3-body (right hemisphere) | Instance 2
p26637_i2	Volume of CA3-head (left hemisphere) | Instance 2
p26659_i2	Volume of CA3-head (right hemisphere) | Instance 2
p26635_i2	Volume of CA4-body (left hemisphere) | Instance 2
p26657_i2	Volume of CA4-body (right hemisphere) | Instance 2
p26634_i2	Volume of CA4-head (left hemisphere) | Instance 2
p26656_i2	Volume of CA4-head (right hemisphere) | Instance 2
p26681_i2	Volume of CL (left hemisphere) | Instance 2
p26706_i2	Volume of CL (right hemisphere) | Instance 2
p26670_i2	Volume of CM (left hemisphere) | Instance 2
p26694_i2	Volume of CM (right hemisphere) | Instance 2
p26677_i2	Volume of CeM (left hemisphere) | Instance 2
p26703_i2	Volume of CeM (right hemisphere) | Instance 2
p26604_i2	Volume of Central-nucleus (left hemisphere) | Instance 2
p26614_i2	Volume of Central-nucleus (right hemisphere) | Instance 2
p26606_i2	Volume of Cortical-nucleus (left hemisphere) | Instance 2
p26616_i2	Volume of Cortical-nucleus (right hemisphere) | Instance 2
p26607_i2	Volume of Corticoamygdaloid-transitio (left hemisphere) | Instance 2
p26617_i2	Volume of Corticoamygdaloid-transitio (right hemisphere) | Instance 2
p26633_i2	Volume of GC-ML-DG-body (left hemisphere) | Instance 2
p26655_i2	Volume of GC-ML-DG-body (right hemisphere) | Instance 2
p26631_i2	Volume of GC-ML-DG-head (left hemisphere) | Instance 2
p26653_i2	Volume of GC-ML-DG-head (right hemisphere) | Instance 2
p26638_i2	Volume of HATA (left hemisphere) | Instance 2
p26660_i2	Volume of HATA (right hemisphere) | Instance 2
p26620_i2	Volume of Hippocampal-tail (left hemisphere) | Instance 2
p26642_i2	Volume of Hippocampal-tail (right hemisphere) | Instance 2
p26668_i2	Volume of L-Sg (left hemisphere) | Instance 2
p26692_i2	Volume of L-Sg (right hemisphere) | Instance 2
p26712_i2	Volume of LD (left hemisphere) | Instance 2
p26713_i2	Volume of LD (right hemisphere) | Instance 2
p26665_i2	Volume of LGN (left hemisphere) | Instance 2
p26688_i2	Volume of LGN (right hemisphere) | Instance 2
p26687_i2	Volume of LP (left hemisphere) | Instance 2
p26711_i2	Volume of LP (right hemisphere) | Instance 2
p26600_i2	Volume of Lateral-nucleus (left hemisphere) | Instance 2
p26610_i2	Volume of Lateral-nucleus (right hemisphere) | Instance 2
p26676_i2	Volume of MDl (left hemisphere) | Instance 2
p26700_i2	Volume of MDl (right hemisphere) | Instance 2
p26673_i2	Volume of MDm (left hemisphere) | Instance 2
p26697_i2	Volume of MDm (right hemisphere) | Instance 2
p26664_i2	Volume of MGN (left hemisphere) | Instance 2
p26689_i2	Volume of MGN (right hemisphere) | Instance 2
p26679_i2	Volume of MV(Re) (left hemisphere) | Instance 2
p26702_i2	Volume of MV(Re) (right hemisphere) | Instance 2
p26605_i2	Volume of Medial-nucleus (left hemisphere) | Instance 2
p26615_i2	Volume of Medial-nucleus (right hemisphere) | Instance 2
p26716_i2	Volume of Medulla (whole brain) | Instance 2
p26719_i2	Volume of Midbrain (whole brain) | Instance 2
p26608_i2	Volume of Paralaminar-nucleus (left hemisphere) | Instance 2
p26618_i2	Volume of Paralaminar-nucleus (right hemisphere) | Instance 2
p26685_i2	Volume of Pc (left hemisphere) | Instance 2
p26708_i2	Volume of Pc (right hemisphere) | Instance 2
p26674_i2	Volume of Pf (left hemisphere) | Instance 2
p26698_i2	Volume of Pf (right hemisphere) | Instance 2
p26717_i2	Volume of Pons (whole brain) | Instance 2
p26683_i2	Volume of Pt (left hemisphere) | Instance 2
p26709_i2	Volume of Pt (right hemisphere) | Instance 2
p26672_i2	Volume of PuA (left hemisphere) | Instance 2
p26696_i2	Volume of PuA (right hemisphere) | Instance 2
p26666_i2	Volume of PuI (left hemisphere) | Instance 2
p26690_i2	Volume of PuI (right hemisphere) | Instance 2
p26682_i2	Volume of PuL (left hemisphere) | Instance 2
p26705_i2	Volume of PuL (right hemisphere) | Instance 2
p26667_i2	Volume of PuM (left hemisphere) | Instance 2
p26691_i2	Volume of PuM (right hemisphere) | Instance 2
p26718_i2	Volume of SCP (whole brain) | Instance 2
p26678_i2	Volume of VA (left hemisphere) | Instance 2
p26701_i2	Volume of VA (right hemisphere) | Instance 2
p26675_i2	Volume of VAmc (left hemisphere) | Instance 2
p26699_i2	Volume of VAmc (right hemisphere) | Instance 2
p26671_i2	Volume of VLa (left hemisphere) | Instance 2
p26695_i2	Volume of VLa (right hemisphere) | Instance 2
p26686_i2	Volume of VLp (left hemisphere) | Instance 2
p26707_i2	Volume of VLp (right hemisphere) | Instance 2
p26680_i2	Volume of VM (left hemisphere) | Instance 2
p26704_i2	Volume of VM (right hemisphere) | Instance 2
p26669_i2	Volume of VPL (left hemisphere) | Instance 2
p26693_i2	Volume of VPL (right hemisphere) | Instance 2
p26609_i2	Volume of Whole-amygdala (left hemisphere) | Instance 2
p26619_i2	Volume of Whole-amygdala (right hemisphere) | Instance 2
p26720_i2	Volume of Whole-brainstem (whole brain) | Instance 2
p26639_i2	Volume of Whole-hippocampal-body (left hemisphere) | Instance 2
p26661_i2	Volume of Whole-hippocampal-body (right hemisphere) | Instance 2
p26640_i2	Volume of Whole-hippocampal-head (left hemisphere) | Instance 2
p26662_i2	Volume of Whole-hippocampal-head (right hemisphere) | Instance 2
p26641_i2	Volume of Whole-hippocampus (left hemisphere) | Instance 2
p26663_i2	Volume of Whole-hippocampus (right hemisphere) | Instance 2
p26714_i2	Volume of Whole-thalamus (left hemisphere) | Instance 2
p26715_i2	Volume of Whole-thalamus (right hemisphere) | Instance 2
p26636_i2	Volume of fimbria (left hemisphere) | Instance 2
p26658_i2	Volume of fimbria (right hemisphere) | Instance 2
p26624_i2	Volume of hippocampal-fissure (left hemisphere) | Instance 2
p26646_i2	Volume of hippocampal-fissure (right hemisphere) | Instance 2
p26630_i2	Volume of molecular-layer-HP-body (left hemisphere) | Instance 2
p26652_i2	Volume of molecular-layer-HP-body (right hemisphere) | Instance 2
p26629_i2	Volume of molecular-layer-HP-head (left hemisphere) | Instance 2
p26651_i2	Volume of molecular-layer-HP-head (right hemisphere) | Instance 2
p26628_i2	Volume of parasubiculum (left hemisphere) | Instance 2
p26650_i2	Volume of parasubiculum (right hemisphere) | Instance 2
p26627_i2	Volume of presubiculum-body (left hemisphere) | Instance 2
p26649_i2	Volume of presubiculum-body (right hemisphere) | Instance 2
p26625_i2	Volume of presubiculum-head (left hemisphere) | Instance 2
p26647_i2	Volume of presubiculum-head (right hemisphere) | Instance 2
p26621_i2	Volume of subiculum-body (left hemisphere) | Instance 2
p26643_i2	Volume of subiculum-body (right hemisphere) | Instance 2
p26623_i2	Volume of subiculum-head (left hemisphere) | Instance 2
p26645_i2	Volume of subiculum-head (right hemisphere) | Instance 2
p25925_i2	Intensity scaling for T1 | Instance 2
p26500_i2	T2-FLAIR used (in addition to T1) to run FreeSurfer | Instance 2
p25733_i2	Amount of warping applied to non-linearly align T1 brain image to standard-space | Instance 2
p25731_i2	Discrepancy between T1 brain image and standard-space brain template (linearly-aligned) | Instance 2
p25732_i2	Discrepancy between T1 brain image and standard-space brain template (nonlinearly-aligned) | Instance 2
p25735_i2	Inverted contrast-to-noise ratio in T1 | Instance 2
p25734_i2	Inverted signal-to-noise ratio in T1 | Instance 2
p25000_i2	Volumetric scaling from T1 head image to standard space | Instance 2
p25010_i2	Volume of brain, grey+white matter | Instance 2
p25009_i2	Volume of brain, grey+white matter (normalised for head size) | Instance 2
p25008_i2	Volume of white matter | Instance 2
p25007_i2	Volume of white matter (normalised for head size) | Instance 2
p25006_i2	Volume of grey matter | Instance 2
p25005_i2	Volume of grey matter (normalised for head size) | Instance 2
p25002_i2	Volume of peripheral cortical grey matter | Instance 2
p25001_i2	Volume of peripheral cortical grey matter (normalised for head size) | Instance 2
p25004_i2	Volume of ventricular cerebrospinal fluid | Instance 2
p25003_i2	Volume of ventricular cerebrospinal fluid (normalised for head size) | Instance 2
p25025_i2	Volume of brain stem + 4th ventricle | Instance 2
p25756_i2	Scanner lateral (X) brain position | Instance 2
p25757_i2	Scanner transverse (Y) brain position | Instance 2
p25758_i2	Scanner longitudinal (Z) brain position | Instance 2
p25759_i2	Scanner table position | Instance 2
p25926_i2	Intensity scaling for T2_FLAIR | Instance 2
p24486_i2	Total volume of deep white matter hyperintensities | Instance 2
p24485_i2	Total volume of peri-ventricular white matter hyperintensities | Instance 2
p25781_i2	Total volume of white matter hyperintensities (from T1 and T2_FLAIR images) | Instance 2
p25736_i2	Discrepancy between T2 FLAIR brain image and T1 brain image | Instance 2
p24405_i2	Mean ATT in Caudate (left) | Instance 2
p24404_i2	Mean ATT in Caudate (right) | Instance 2
p24388_i2	Mean ATT in Cerebellum in grey matter (left) | Instance 2
p24387_i2	Mean ATT in Cerebellum in grey matter (right) | Instance 2
p24390_i2	Mean ATT in Frontal Lobe in grey matter (left) | Instance 2
p24389_i2	Mean ATT in Frontal Lobe in grey matter (right) | Instance 2
p24398_i2	Mean ATT in Internal Carotid Artery vascular territory in grey matter (left) | Instance 2
p24397_i2	Mean ATT in Internal Carotid Artery vascular territory in grey matter (right) | Instance 2
p24392_i2	Mean ATT in Occipital Lobe in grey matter (left) | Instance 2
p24391_i2	Mean ATT in Occipital Lobe in grey matter (right) | Instance 2
p24394_i2	Mean ATT in Parietal Lobe in grey matter (left) | Instance 2
p24393_i2	Mean ATT in Parietal Lobe in grey matter (right) | Instance 2
p24407_i2	Mean ATT in Putamen (left) | Instance 2
p24406_i2	Mean ATT in Putamen (right) | Instance 2
p24396_i2	Mean ATT in Temporal Lobe in grey matter (left) | Instance 2
p24395_i2	Mean ATT in Temporal Lobe in grey matter (right) | Instance 2
p24409_i2	Mean ATT in Thalamus (left) | Instance 2
p24408_i2	Mean ATT in Thalamus (right) | Instance 2
p24399_i2	Mean ATT in VertebroBasilar Arteries vascular territories in grey matter | Instance 2
p24402_i2	Mean ATT in cerebrum in white matter (left) | Instance 2
p24403_i2	Mean ATT in cerebrum in white matter (right) | Instance 2
p24401_i2	Mean ATT in cerebrum in white matter and >50% cerebral partial volume | Instance 2
p24386_i2	Mean ATT in cortex in grey matter | Instance 2
p24385_i2	Mean ATT in whole brain in grey matter | Instance 2
p24400_i2	Mean ATT in whole brain in white matter | Instance 2
p24380_i2	Mean CBF in Caudate (left) | Instance 2
p24379_i2	Mean CBF in Caudate (right) | Instance 2
p24363_i2	Mean CBF in Cerebellum in grey matter (left) | Instance 2
p24362_i2	Mean CBF in Cerebellum in grey matter (right) | Instance 2
p24365_i2	Mean CBF in Frontal Lobe in grey matter (left) | Instance 2
p24364_i2	Mean CBF in Frontal Lobe in grey matter (right) | Instance 2
p24373_i2	Mean CBF in Internal Carotid Artery vascular territory in grey matter (left) | Instance 2
p24372_i2	Mean CBF in Internal Carotid Artery vascular territory in grey matter (right) | Instance 2
p24367_i2	Mean CBF in Occipital Lobe in grey matter (left) | Instance 2
p24366_i2	Mean CBF in Occipital Lobe in grey matter (right) | Instance 2
p24369_i2	Mean CBF in Parietal Lobe in grey matter (left) | Instance 2
p24368_i2	Mean CBF in Parietal Lobe in grey matter (right) | Instance 2
p24382_i2	Mean CBF in Putamen (left) | Instance 2
p24381_i2	Mean CBF in Putamen (right) | Instance 2
p24371_i2	Mean CBF in Temporal Lobe in grey matter (left) | Instance 2
p24370_i2	Mean CBF in Temporal Lobe in grey matter (right) | Instance 2
p24384_i2	Mean CBF in Thalamus (left) | Instance 2
p24383_i2	Mean CBF in Thalamus (right) | Instance 2
p24374_i2	Mean CBF in VertebroBasilar Arteries vascular territories in grey matter | Instance 2
p24377_i2	Mean CBF in cerebrum in white matter (left) | Instance 2
p24378_i2	Mean CBF in cerebrum in white matter (right) | Instance 2
p24376_i2	Mean CBF in cerebrum in white matter and >50% cerebral partial volume | Instance 2
p24361_i2	Mean CBF in cortex in grey matter | Instance 2
p24360_i2	Mean CBF in whole brain in grey matter | Instance 2
p24375_i2	Mean CBF in whole brain in white matter | Instance 2
p24446_i2	90th percentile of absolute head motion from tfMRI  | Instance 2
p24449_i2	90th percentile of relative head motion from tfMRI  | Instance 2
p25924_i2	Echo Time for tfMRI | Instance 2
p25930_i2	Intensity scaling for tfMRI | Instance 2
p24444_i2	Mean absolute head motion from tfMRI  | Instance 2
p24447_i2	Mean relative head motion from tfMRI  | Instance 2
p24445_i2	Median absolute head motion from tfMRI  | Instance 2
p24448_i2	Median relative head motion from tfMRI  | Instance 2
p25740_i2	Discrepancy between tfMRI brain image and T1 brain image | Instance 2
p12651_i2	Duration of eprime test | Instance 2
p12706_i2	Eprime error flag | Instance 2
p25767_i2	90th percentile of BOLD effect (in group-defined amygdala activation mask) for faces-shapes contrast | Instance 2
p25763_i2	90th percentile of BOLD effect (in group-defined mask) for faces activation | Instance 2
p25761_i2	90th percentile of BOLD effect (in group-defined mask) for shapes activation | Instance 2
p25765_i2	90th percentile of BOLD effect (in group-defined mask) for faces-shapes contrast | Instance 2
p25768_i2	90th percentile of z-statistic (in group-defined amygdala activation mask) for faces-shapes contrast | Instance 2
p25764_i2	90th percentile of z-statistic (in group-defined mask) for faces activation | Instance 2
p25762_i2	90th percentile of z-statistic (in group-defined mask) for shapes activation | Instance 2
p25766_i2	90th percentile of z-statistic (in group-defined mask) for faces-shapes contrast | Instance 2
p25745_i2	Inverted temporal signal-to-noise ratio in pre-processed tfMRI | Instance 2
p25742_i2	Mean tfMRI head motion, averaged across space and time points | Instance 2
p25052_i2	Median BOLD effect (in group-defined amygdala activation mask) for faces-shapes contrast | Instance 2
p25044_i2	Median BOLD effect (in group-defined mask) for faces activation | Instance 2
p25040_i2	Median BOLD effect (in group-defined mask) for shapes activation | Instance 2
p25048_i2	Median BOLD effect (in group-defined mask) for faces-shapes contrast | Instance 2
p25054_i2	Median z-statistic (in group-defined amygdala activation mask) for faces-shapes contrast | Instance 2
p25046_i2	Median z-statistic (in group-defined mask) for faces activation | Instance 2
p25042_i2	Median z-statistic (in group-defined mask) for shapes activation | Instance 2
p25050_i2	Median z-statistic (in group-defined mask) for faces-shapes contrast | Instance 2
p12139_i2	Believed safe to perform brain MRI scan | Instance 2
p12187_i2	Brain MRI measuring method | Instance 2
p12188_i2	Operator indicated brain MRI measurement completed | Instance 2
p24452_i2	90th percentile of absolute head motion from dMRI  | Instance 2
p24455_i2	90th percentile of relative head motion from dMRI  | Instance 2
p25921_i2	Increased search space in eddy current estimation used for dMRI | Instance 2
p25928_i2	Intensity scaling for dMRI | Instance 2
p24450_i2	Mean absolute head motion from dMRI  | Instance 2
p24453_i2	Mean relative head motion from dMRI  | Instance 2
p24451_i2	Median absolute head motion from dMRI  | Instance 2
p24454_i2	Median relative head motion from dMRI  | Instance 2
p24456_i2	Number of slices that Eddy estimated to be outliers in dMRI data | Instance 2
p25922_i2	Standard deviation of apparent translation in the Y axis as measured by eddy | Instance 2
p25737_i2	Discrepancy between dMRI brain image and T1 brain image | Instance 2
p25746_i2	Number of dMRI outlier slices detected and corrected | Instance 2
p25079_i2	Mean FA in anterior corona radiata on FA skeleton (left) | Instance 2
p25078_i2	Mean FA in anterior corona radiata on FA skeleton (right) | Instance 2
p25073_i2	Mean FA in anterior limb of internal capsule on FA skeleton (left) | Instance 2
p25072_i2	Mean FA in anterior limb of internal capsule on FA skeleton (right) | Instance 2
p25059_i2	Mean FA in body of corpus callosum on FA skeleton | Instance 2
p25071_i2	Mean FA in cerebral peduncle on FA skeleton (left) | Instance 2
p25070_i2	Mean FA in cerebral peduncle on FA skeleton (right) | Instance 2
p25091_i2	Mean FA in cingulum cingulate gyrus on FA skeleton (left) | Instance 2
p25090_i2	Mean FA in cingulum cingulate gyrus on FA skeleton (right) | Instance 2
p25093_i2	Mean FA in cingulum hippocampus on FA skeleton (left) | Instance 2
p25092_i2	Mean FA in cingulum hippocampus on FA skeleton (right) | Instance 2
p25063_i2	Mean FA in corticospinal tract on FA skeleton (left) | Instance 2
p25062_i2	Mean FA in corticospinal tract on FA skeleton (right) | Instance 2
p25089_i2	Mean FA in external capsule on FA skeleton (left) | Instance 2
p25088_i2	Mean FA in external capsule on FA skeleton (right) | Instance 2
p25095_i2	Mean FA in fornix cres+stria terminalis on FA skeleton (left) | Instance 2
p25094_i2	Mean FA in fornix cres+stria terminalis on FA skeleton (right) | Instance 2
p25061_i2	Mean FA in fornix on FA skeleton | Instance 2
p25058_i2	Mean FA in genu of corpus callosum on FA skeleton | Instance 2
p25067_i2	Mean FA in inferior cerebellar peduncle on FA skeleton (left) | Instance 2
p25066_i2	Mean FA in inferior cerebellar peduncle on FA skeleton (right) | Instance 2
p25065_i2	Mean FA in medial lemniscus on FA skeleton (left) | Instance 2
p25064_i2	Mean FA in medial lemniscus on FA skeleton (right) | Instance 2
p25056_i2	Mean FA in middle cerebellar peduncle on FA skeleton | Instance 2
p25057_i2	Mean FA in pontine crossing tract on FA skeleton | Instance 2
p25083_i2	Mean FA in posterior corona radiata on FA skeleton (left) | Instance 2
p25082_i2	Mean FA in posterior corona radiata on FA skeleton (right) | Instance 2
p25075_i2	Mean FA in posterior limb of internal capsule on FA skeleton (left) | Instance 2
p25074_i2	Mean FA in posterior limb of internal capsule on FA skeleton (right) | Instance 2
p25085_i2	Mean FA in posterior thalamic radiation on FA skeleton (left) | Instance 2
p25084_i2	Mean FA in posterior thalamic radiation on FA skeleton (right) | Instance 2
p25077_i2	Mean FA in retrolenticular part of internal capsule on FA skeleton (left) | Instance 2
p25076_i2	Mean FA in retrolenticular part of internal capsule on FA skeleton (right) | Instance 2
p25087_i2	Mean FA in sagittal stratum on FA skeleton (left) | Instance 2
p25086_i2	Mean FA in sagittal stratum on FA skeleton (right) | Instance 2
p25060_i2	Mean FA in splenium of corpus callosum on FA skeleton | Instance 2
p25069_i2	Mean FA in superior cerebellar peduncle on FA skeleton (left) | Instance 2
p25068_i2	Mean FA in superior cerebellar peduncle on FA skeleton (right) | Instance 2
p25081_i2	Mean FA in superior corona radiata on FA skeleton (left) | Instance 2
p25080_i2	Mean FA in superior corona radiata on FA skeleton (right) | Instance 2
p25099_i2	Mean FA in superior fronto-occipital fasciculus on FA skeleton (left) | Instance 2
p25098_i2	Mean FA in superior fronto-occipital fasciculus on FA skeleton (right) | Instance 2
p25097_i2	Mean FA in superior longitudinal fasciculus on FA skeleton (left) | Instance 2
p25096_i2	Mean FA in superior longitudinal fasciculus on FA skeleton (right) | Instance 2
p25103_i2	Mean FA in tapetum on FA skeleton (left) | Instance 2
p25102_i2	Mean FA in tapetum on FA skeleton (right) | Instance 2
p25101_i2	Mean FA in uncinate fasciculus on FA skeleton (left) | Instance 2
p25100_i2	Mean FA in uncinate fasciculus on FA skeleton (right) | Instance 2
p25367_i2	Mean ICVF in anterior corona radiata on FA skeleton (left) | Instance 2
p25366_i2	Mean ICVF in anterior corona radiata on FA skeleton (right) | Instance 2
p25361_i2	Mean ICVF in anterior limb of internal capsule on FA skeleton (left) | Instance 2
p25360_i2	Mean ICVF in anterior limb of internal capsule on FA skeleton (right) | Instance 2
p25347_i2	Mean ICVF in body of corpus callosum on FA skeleton | Instance 2
p25359_i2	Mean ICVF in cerebral peduncle on FA skeleton (left) | Instance 2
p25358_i2	Mean ICVF in cerebral peduncle on FA skeleton (right) | Instance 2
p25379_i2	Mean ICVF in cingulum cingulate gyrus on FA skeleton (left) | Instance 2
p25378_i2	Mean ICVF in cingulum cingulate gyrus on FA skeleton (right) | Instance 2
p25381_i2	Mean ICVF in cingulum hippocampus on FA skeleton (left) | Instance 2
p25380_i2	Mean ICVF in cingulum hippocampus on FA skeleton (right) | Instance 2
p25351_i2	Mean ICVF in corticospinal tract on FA skeleton (left) | Instance 2
p25350_i2	Mean ICVF in corticospinal tract on FA skeleton (right) | Instance 2
p25377_i2	Mean ICVF in external capsule on FA skeleton (left) | Instance 2
p25376_i2	Mean ICVF in external capsule on FA skeleton (right) | Instance 2
p25383_i2	Mean ICVF in fornix cres+stria terminalis on FA skeleton (left) | Instance 2
p25382_i2	Mean ICVF in fornix cres+stria terminalis on FA skeleton (right) | Instance 2
p25349_i2	Mean ICVF in fornix on FA skeleton | Instance 2
p25346_i2	Mean ICVF in genu of corpus callosum on FA skeleton | Instance 2
p25355_i2	Mean ICVF in inferior cerebellar peduncle on FA skeleton (left) | Instance 2
p25354_i2	Mean ICVF in inferior cerebellar peduncle on FA skeleton (right) | Instance 2
p25353_i2	Mean ICVF in medial lemniscus on FA skeleton (left) | Instance 2
p25352_i2	Mean ICVF in medial lemniscus on FA skeleton (right) | Instance 2
p25344_i2	Mean ICVF in middle cerebellar peduncle on FA skeleton | Instance 2
p25345_i2	Mean ICVF in pontine crossing tract on FA skeleton | Instance 2
p25371_i2	Mean ICVF in posterior corona radiata on FA skeleton (left) | Instance 2
p25370_i2	Mean ICVF in posterior corona radiata on FA skeleton (right) | Instance 2
p25363_i2	Mean ICVF in posterior limb of internal capsule on FA skeleton (left) | Instance 2
p25362_i2	Mean ICVF in posterior limb of internal capsule on FA skeleton (right) | Instance 2
p25373_i2	Mean ICVF in posterior thalamic radiation on FA skeleton (left) | Instance 2
p25372_i2	Mean ICVF in posterior thalamic radiation on FA skeleton (right) | Instance 2
p25365_i2	Mean ICVF in retrolenticular part of internal capsule on FA skeleton (left) | Instance 2
p25364_i2	Mean ICVF in retrolenticular part of internal capsule on FA skeleton (right) | Instance 2
p25375_i2	Mean ICVF in sagittal stratum on FA skeleton (left) | Instance 2
p25374_i2	Mean ICVF in sagittal stratum on FA skeleton (right) | Instance 2
p25348_i2	Mean ICVF in splenium of corpus callosum on FA skeleton | Instance 2
p25357_i2	Mean ICVF in superior cerebellar peduncle on FA skeleton (left) | Instance 2
p25356_i2	Mean ICVF in superior cerebellar peduncle on FA skeleton (right) | Instance 2
p25369_i2	Mean ICVF in superior corona radiata on FA skeleton (left) | Instance 2
p25368_i2	Mean ICVF in superior corona radiata on FA skeleton (right) | Instance 2
p25387_i2	Mean ICVF in superior fronto-occipital fasciculus on FA skeleton (left) | Instance 2
p25386_i2	Mean ICVF in superior fronto-occipital fasciculus on FA skeleton (right) | Instance 2
p25385_i2	Mean ICVF in superior longitudinal fasciculus on FA skeleton (left) | Instance 2
p25384_i2	Mean ICVF in superior longitudinal fasciculus on FA skeleton (right) | Instance 2
p25391_i2	Mean ICVF in tapetum on FA skeleton (left) | Instance 2
p25390_i2	Mean ICVF in tapetum on FA skeleton (right) | Instance 2
p25389_i2	Mean ICVF in uncinate fasciculus on FA skeleton (left) | Instance 2
p25388_i2	Mean ICVF in uncinate fasciculus on FA skeleton (right) | Instance 2
p25463_i2	Mean ISOVF in anterior corona radiata on FA skeleton (left) | Instance 2
p25462_i2	Mean ISOVF in anterior corona radiata on FA skeleton (right) | Instance 2
p25457_i2	Mean ISOVF in anterior limb of internal capsule on FA skeleton (left) | Instance 2
p25456_i2	Mean ISOVF in anterior limb of internal capsule on FA skeleton (right) | Instance 2
p25443_i2	Mean ISOVF in body of corpus callosum on FA skeleton | Instance 2
p25455_i2	Mean ISOVF in cerebral peduncle on FA skeleton (left) | Instance 2
p25454_i2	Mean ISOVF in cerebral peduncle on FA skeleton (right) | Instance 2
p25475_i2	Mean ISOVF in cingulum cingulate gyrus on FA skeleton (left) | Instance 2
p25474_i2	Mean ISOVF in cingulum cingulate gyrus on FA skeleton (right) | Instance 2
p25477_i2	Mean ISOVF in cingulum hippocampus on FA skeleton (left) | Instance 2
p25476_i2	Mean ISOVF in cingulum hippocampus on FA skeleton (right) | Instance 2
p25447_i2	Mean ISOVF in corticospinal tract on FA skeleton (left) | Instance 2
p25446_i2	Mean ISOVF in corticospinal tract on FA skeleton (right) | Instance 2
p25473_i2	Mean ISOVF in external capsule on FA skeleton (left) | Instance 2
p25472_i2	Mean ISOVF in external capsule on FA skeleton (right) | Instance 2
p25479_i2	Mean ISOVF in fornix cres+stria terminalis on FA skeleton (left) | Instance 2
p25478_i2	Mean ISOVF in fornix cres+stria terminalis on FA skeleton (right) | Instance 2
p25445_i2	Mean ISOVF in fornix on FA skeleton | Instance 2
p25442_i2	Mean ISOVF in genu of corpus callosum on FA skeleton | Instance 2
p25451_i2	Mean ISOVF in inferior cerebellar peduncle on FA skeleton (left) | Instance 2
p25450_i2	Mean ISOVF in inferior cerebellar peduncle on FA skeleton (right) | Instance 2
p25449_i2	Mean ISOVF in medial lemniscus on FA skeleton (left) | Instance 2
p25448_i2	Mean ISOVF in medial lemniscus on FA skeleton (right) | Instance 2
p25440_i2	Mean ISOVF in middle cerebellar peduncle on FA skeleton | Instance 2
p25441_i2	Mean ISOVF in pontine crossing tract on FA skeleton | Instance 2
p25467_i2	Mean ISOVF in posterior corona radiata on FA skeleton (left) | Instance 2
p25466_i2	Mean ISOVF in posterior corona radiata on FA skeleton (right) | Instance 2
p25459_i2	Mean ISOVF in posterior limb of internal capsule on FA skeleton (left) | Instance 2
p25458_i2	Mean ISOVF in posterior limb of internal capsule on FA skeleton (right) | Instance 2
p25469_i2	Mean ISOVF in posterior thalamic radiation on FA skeleton (left) | Instance 2
p25468_i2	Mean ISOVF in posterior thalamic radiation on FA skeleton (right) | Instance 2
p25461_i2	Mean ISOVF in retrolenticular part of internal capsule on FA skeleton (left) | Instance 2
p25460_i2	Mean ISOVF in retrolenticular part of internal capsule on FA skeleton (right) | Instance 2
p25471_i2	Mean ISOVF in sagittal stratum on FA skeleton (left) | Instance 2
p25470_i2	Mean ISOVF in sagittal stratum on FA skeleton (right) | Instance 2
p25444_i2	Mean ISOVF in splenium of corpus callosum on FA skeleton | Instance 2
p25453_i2	Mean ISOVF in superior cerebellar peduncle on FA skeleton (left) | Instance 2
p25452_i2	Mean ISOVF in superior cerebellar peduncle on FA skeleton (right) | Instance 2
p25465_i2	Mean ISOVF in superior corona radiata on FA skeleton (left) | Instance 2
p25464_i2	Mean ISOVF in superior corona radiata on FA skeleton (right) | Instance 2
p25483_i2	Mean ISOVF in superior fronto-occipital fasciculus on FA skeleton (left) | Instance 2
p25482_i2	Mean ISOVF in superior fronto-occipital fasciculus on FA skeleton (right) | Instance 2
p25481_i2	Mean ISOVF in superior longitudinal fasciculus on FA skeleton (left) | Instance 2
p25480_i2	Mean ISOVF in superior longitudinal fasciculus on FA skeleton (right) | Instance 2
p25487_i2	Mean ISOVF in tapetum on FA skeleton (left) | Instance 2
p25486_i2	Mean ISOVF in tapetum on FA skeleton (right) | Instance 2
p25485_i2	Mean ISOVF in uncinate fasciculus on FA skeleton (left) | Instance 2
p25484_i2	Mean ISOVF in uncinate fasciculus on FA skeleton (right) | Instance 2
p25223_i2	Mean L1 in anterior corona radiata on FA skeleton (left) | Instance 2
p25222_i2	Mean L1 in anterior corona radiata on FA skeleton (right) | Instance 2
p25217_i2	Mean L1 in anterior limb of internal capsule on FA skeleton (left) | Instance 2
p25216_i2	Mean L1 in anterior limb of internal capsule on FA skeleton (right) | Instance 2
p25203_i2	Mean L1 in body of corpus callosum on FA skeleton | Instance 2
p25215_i2	Mean L1 in cerebral peduncle on FA skeleton (left) | Instance 2
p25214_i2	Mean L1 in cerebral peduncle on FA skeleton (right) | Instance 2
p25235_i2	Mean L1 in cingulum cingulate gyrus on FA skeleton (left) | Instance 2
p25234_i2	Mean L1 in cingulum cingulate gyrus on FA skeleton (right) | Instance 2
p25237_i2	Mean L1 in cingulum hippocampus on FA skeleton (left) | Instance 2
p25236_i2	Mean L1 in cingulum hippocampus on FA skeleton (right) | Instance 2
p25207_i2	Mean L1 in corticospinal tract on FA skeleton (left) | Instance 2
p25206_i2	Mean L1 in corticospinal tract on FA skeleton (right) | Instance 2
p25233_i2	Mean L1 in external capsule on FA skeleton (left) | Instance 2
p25232_i2	Mean L1 in external capsule on FA skeleton (right) | Instance 2
p25239_i2	Mean L1 in fornix cres+stria terminalis on FA skeleton (left) | Instance 2
p25238_i2	Mean L1 in fornix cres+stria terminalis on FA skeleton (right) | Instance 2
p25205_i2	Mean L1 in fornix on FA skeleton | Instance 2
p25202_i2	Mean L1 in genu of corpus callosum on FA skeleton | Instance 2
p25211_i2	Mean L1 in inferior cerebellar peduncle on FA skeleton (left) | Instance 2
p25210_i2	Mean L1 in inferior cerebellar peduncle on FA skeleton (right) | Instance 2
p25209_i2	Mean L1 in medial lemniscus on FA skeleton (left) | Instance 2
p25208_i2	Mean L1 in medial lemniscus on FA skeleton (right) | Instance 2
p25200_i2	Mean L1 in middle cerebellar peduncle on FA skeleton | Instance 2
p25201_i2	Mean L1 in pontine crossing tract on FA skeleton | Instance 2
p25227_i2	Mean L1 in posterior corona radiata on FA skeleton (left) | Instance 2
p25226_i2	Mean L1 in posterior corona radiata on FA skeleton (right) | Instance 2
p25219_i2	Mean L1 in posterior limb of internal capsule on FA skeleton (left) | Instance 2
p25218_i2	Mean L1 in posterior limb of internal capsule on FA skeleton (right) | Instance 2
p25229_i2	Mean L1 in posterior thalamic radiation on FA skeleton (left) | Instance 2
p25228_i2	Mean L1 in posterior thalamic radiation on FA skeleton (right) | Instance 2
p25221_i2	Mean L1 in retrolenticular part of internal capsule on FA skeleton (left) | Instance 2
p25220_i2	Mean L1 in retrolenticular part of internal capsule on FA skeleton (right) | Instance 2
p25231_i2	Mean L1 in sagittal stratum on FA skeleton (left) | Instance 2
p25230_i2	Mean L1 in sagittal stratum on FA skeleton (right) | Instance 2
p25204_i2	Mean L1 in splenium of corpus callosum on FA skeleton | Instance 2
p25213_i2	Mean L1 in superior cerebellar peduncle on FA skeleton (left) | Instance 2
p25212_i2	Mean L1 in superior cerebellar peduncle on FA skeleton (right) | Instance 2
p25225_i2	Mean L1 in superior corona radiata on FA skeleton (left) | Instance 2
p25224_i2	Mean L1 in superior corona radiata on FA skeleton (right) | Instance 2
p25243_i2	Mean L1 in superior fronto-occipital fasciculus on FA skeleton (left) | Instance 2
p25242_i2	Mean L1 in superior fronto-occipital fasciculus on FA skeleton (right) | Instance 2
p25241_i2	Mean L1 in superior longitudinal fasciculus on FA skeleton (left) | Instance 2
p25240_i2	Mean L1 in superior longitudinal fasciculus on FA skeleton (right) | Instance 2
p25247_i2	Mean L1 in tapetum on FA skeleton (left) | Instance 2
p25246_i2	Mean L1 in tapetum on FA skeleton (right) | Instance 2
p25245_i2	Mean L1 in uncinate fasciculus on FA skeleton (left) | Instance 2
p25244_i2	Mean L1 in uncinate fasciculus on FA skeleton (right) | Instance 2
p25271_i2	Mean L2 in anterior corona radiata on FA skeleton (left) | Instance 2
p25270_i2	Mean L2 in anterior corona radiata on FA skeleton (right) | Instance 2
p25265_i2	Mean L2 in anterior limb of internal capsule on FA skeleton (left) | Instance 2
p25264_i2	Mean L2 in anterior limb of internal capsule on FA skeleton (right) | Instance 2
p25251_i2	Mean L2 in body of corpus callosum on FA skeleton | Instance 2
p25263_i2	Mean L2 in cerebral peduncle on FA skeleton (left) | Instance 2
p25262_i2	Mean L2 in cerebral peduncle on FA skeleton (right) | Instance 2
p25283_i2	Mean L2 in cingulum cingulate gyrus on FA skeleton (left) | Instance 2
p25282_i2	Mean L2 in cingulum cingulate gyrus on FA skeleton (right) | Instance 2
p25285_i2	Mean L2 in cingulum hippocampus on FA skeleton (left) | Instance 2
p25284_i2	Mean L2 in cingulum hippocampus on FA skeleton (right) | Instance 2
p25255_i2	Mean L2 in corticospinal tract on FA skeleton (left) | Instance 2
p25254_i2	Mean L2 in corticospinal tract on FA skeleton (right) | Instance 2
p25281_i2	Mean L2 in external capsule on FA skeleton (left) | Instance 2
p25280_i2	Mean L2 in external capsule on FA skeleton (right) | Instance 2
p25287_i2	Mean L2 in fornix cres+stria terminalis on FA skeleton (left) | Instance 2
p25286_i2	Mean L2 in fornix cres+stria terminalis on FA skeleton (right) | Instance 2
p25253_i2	Mean L2 in fornix on FA skeleton | Instance 2
p25250_i2	Mean L2 in genu of corpus callosum on FA skeleton | Instance 2
p25259_i2	Mean L2 in inferior cerebellar peduncle on FA skeleton (left) | Instance 2
p25258_i2	Mean L2 in inferior cerebellar peduncle on FA skeleton (right) | Instance 2
p25257_i2	Mean L2 in medial lemniscus on FA skeleton (left) | Instance 2
p25256_i2	Mean L2 in medial lemniscus on FA skeleton (right) | Instance 2
p25248_i2	Mean L2 in middle cerebellar peduncle on FA skeleton | Instance 2
p25249_i2	Mean L2 in pontine crossing tract on FA skeleton | Instance 2
p25275_i2	Mean L2 in posterior corona radiata on FA skeleton (left) | Instance 2
p25274_i2	Mean L2 in posterior corona radiata on FA skeleton (right) | Instance 2
p25267_i2	Mean L2 in posterior limb of internal capsule on FA skeleton (left) | Instance 2
p25266_i2	Mean L2 in posterior limb of internal capsule on FA skeleton (right) | Instance 2
p25277_i2	Mean L2 in posterior thalamic radiation on FA skeleton (left) | Instance 2
p25276_i2	Mean L2 in posterior thalamic radiation on FA skeleton (right) | Instance 2
p25269_i2	Mean L2 in retrolenticular part of internal capsule on FA skeleton (left) | Instance 2
p25268_i2	Mean L2 in retrolenticular part of internal capsule on FA skeleton (right) | Instance 2
p25279_i2	Mean L2 in sagittal stratum on FA skeleton (left) | Instance 2
p25278_i2	Mean L2 in sagittal stratum on FA skeleton (right) | Instance 2
p25252_i2	Mean L2 in splenium of corpus callosum on FA skeleton | Instance 2
p25261_i2	Mean L2 in superior cerebellar peduncle on FA skeleton (left) | Instance 2
p25260_i2	Mean L2 in superior cerebellar peduncle on FA skeleton (right) | Instance 2
p25273_i2	Mean L2 in superior corona radiata on FA skeleton (left) | Instance 2
p25272_i2	Mean L2 in superior corona radiata on FA skeleton (right) | Instance 2
p25291_i2	Mean L2 in superior fronto-occipital fasciculus on FA skeleton (left) | Instance 2
p25290_i2	Mean L2 in superior fronto-occipital fasciculus on FA skeleton (right) | Instance 2
p25289_i2	Mean L2 in superior longitudinal fasciculus on FA skeleton (left) | Instance 2
p25288_i2	Mean L2 in superior longitudinal fasciculus on FA skeleton (right) | Instance 2
p25295_i2	Mean L2 in tapetum on FA skeleton (left) | Instance 2
p25294_i2	Mean L2 in tapetum on FA skeleton (right) | Instance 2
p25293_i2	Mean L2 in uncinate fasciculus on FA skeleton (left) | Instance 2
p25292_i2	Mean L2 in uncinate fasciculus on FA skeleton (right) | Instance 2
p25319_i2	Mean L3 in anterior corona radiata on FA skeleton (left) | Instance 2
p25318_i2	Mean L3 in anterior corona radiata on FA skeleton (right) | Instance 2
p25313_i2	Mean L3 in anterior limb of internal capsule on FA skeleton (left) | Instance 2
p25312_i2	Mean L3 in anterior limb of internal capsule on FA skeleton (right) | Instance 2
p25299_i2	Mean L3 in body of corpus callosum on FA skeleton | Instance 2
p25311_i2	Mean L3 in cerebral peduncle on FA skeleton (left) | Instance 2
p25310_i2	Mean L3 in cerebral peduncle on FA skeleton (right) | Instance 2
p25331_i2	Mean L3 in cingulum cingulate gyrus on FA skeleton (left) | Instance 2
p25330_i2	Mean L3 in cingulum cingulate gyrus on FA skeleton (right) | Instance 2
p25333_i2	Mean L3 in cingulum hippocampus on FA skeleton (left) | Instance 2
p25332_i2	Mean L3 in cingulum hippocampus on FA skeleton (right) | Instance 2
p25303_i2	Mean L3 in corticospinal tract on FA skeleton (left) | Instance 2
p25302_i2	Mean L3 in corticospinal tract on FA skeleton (right) | Instance 2
p25329_i2	Mean L3 in external capsule on FA skeleton (left) | Instance 2
p25328_i2	Mean L3 in external capsule on FA skeleton (right) | Instance 2
p25335_i2	Mean L3 in fornix cres+stria terminalis on FA skeleton (left) | Instance 2
p25334_i2	Mean L3 in fornix cres+stria terminalis on FA skeleton (right) | Instance 2
p25301_i2	Mean L3 in fornix on FA skeleton | Instance 2
p25298_i2	Mean L3 in genu of corpus callosum on FA skeleton | Instance 2
p25307_i2	Mean L3 in inferior cerebellar peduncle on FA skeleton (left) | Instance 2
p25306_i2	Mean L3 in inferior cerebellar peduncle on FA skeleton (right) | Instance 2
p25305_i2	Mean L3 in medial lemniscus on FA skeleton (left) | Instance 2
p25304_i2	Mean L3 in medial lemniscus on FA skeleton (right) | Instance 2
p25296_i2	Mean L3 in middle cerebellar peduncle on FA skeleton | Instance 2
p25297_i2	Mean L3 in pontine crossing tract on FA skeleton | Instance 2
p25323_i2	Mean L3 in posterior corona radiata on FA skeleton (left) | Instance 2
p25322_i2	Mean L3 in posterior corona radiata on FA skeleton (right) | Instance 2
p25315_i2	Mean L3 in posterior limb of internal capsule on FA skeleton (left) | Instance 2
p25314_i2	Mean L3 in posterior limb of internal capsule on FA skeleton (right) | Instance 2
p25325_i2	Mean L3 in posterior thalamic radiation on FA skeleton (left) | Instance 2
p25324_i2	Mean L3 in posterior thalamic radiation on FA skeleton (right) | Instance 2
p25317_i2	Mean L3 in retrolenticular part of internal capsule on FA skeleton (left) | Instance 2
p25316_i2	Mean L3 in retrolenticular part of internal capsule on FA skeleton (right) | Instance 2
p25327_i2	Mean L3 in sagittal stratum on FA skeleton (left) | Instance 2
p25326_i2	Mean L3 in sagittal stratum on FA skeleton (right) | Instance 2
p25300_i2	Mean L3 in splenium of corpus callosum on FA skeleton | Instance 2
p25309_i2	Mean L3 in superior cerebellar peduncle on FA skeleton (left) | Instance 2
p25308_i2	Mean L3 in superior cerebellar peduncle on FA skeleton (right) | Instance 2
p25321_i2	Mean L3 in superior corona radiata on FA skeleton (left) | Instance 2
p25320_i2	Mean L3 in superior corona radiata on FA skeleton (right) | Instance 2
p25339_i2	Mean L3 in superior fronto-occipital fasciculus on FA skeleton (left) | Instance 2
p25338_i2	Mean L3 in superior fronto-occipital fasciculus on FA skeleton (right) | Instance 2
p25337_i2	Mean L3 in superior longitudinal fasciculus on FA skeleton (left) | Instance 2
p25336_i2	Mean L3 in superior longitudinal fasciculus on FA skeleton (right) | Instance 2
p25343_i2	Mean L3 in tapetum on FA skeleton (left) | Instance 2
p25342_i2	Mean L3 in tapetum on FA skeleton (right) | Instance 2
p25341_i2	Mean L3 in uncinate fasciculus on FA skeleton (left) | Instance 2
p25340_i2	Mean L3 in uncinate fasciculus on FA skeleton (right) | Instance 2
p25127_i2	Mean MD in anterior corona radiata on FA skeleton (left) | Instance 2
p25126_i2	Mean MD in anterior corona radiata on FA skeleton (right) | Instance 2
p25121_i2	Mean MD in anterior limb of internal capsule on FA skeleton (left) | Instance 2
p25120_i2	Mean MD in anterior limb of internal capsule on FA skeleton (right) | Instance 2
p25107_i2	Mean MD in body of corpus callosum on FA skeleton | Instance 2
p25119_i2	Mean MD in cerebral peduncle on FA skeleton (left) | Instance 2
p25118_i2	Mean MD in cerebral peduncle on FA skeleton (right) | Instance 2
p25139_i2	Mean MD in cingulum cingulate gyrus on FA skeleton (left) | Instance 2
p25138_i2	Mean MD in cingulum cingulate gyrus on FA skeleton (right) | Instance 2
p25141_i2	Mean MD in cingulum hippocampus on FA skeleton (left) | Instance 2
p25140_i2	Mean MD in cingulum hippocampus on FA skeleton (right) | Instance 2
p25111_i2	Mean MD in corticospinal tract on FA skeleton (left) | Instance 2
p25110_i2	Mean MD in corticospinal tract on FA skeleton (right) | Instance 2
p25137_i2	Mean MD in external capsule on FA skeleton (left) | Instance 2
p25136_i2	Mean MD in external capsule on FA skeleton (right) | Instance 2
p25143_i2	Mean MD in fornix cres+stria terminalis on FA skeleton (left) | Instance 2
p25142_i2	Mean MD in fornix cres+stria terminalis on FA skeleton (right) | Instance 2
p25109_i2	Mean MD in fornix on FA skeleton | Instance 2
p25106_i2	Mean MD in genu of corpus callosum on FA skeleton | Instance 2
p25115_i2	Mean MD in inferior cerebellar peduncle on FA skeleton (left) | Instance 2
p25114_i2	Mean MD in inferior cerebellar peduncle on FA skeleton (right) | Instance 2
p25113_i2	Mean MD in medial lemniscus on FA skeleton (left) | Instance 2
p25112_i2	Mean MD in medial lemniscus on FA skeleton (right) | Instance 2
p25104_i2	Mean MD in middle cerebellar peduncle on FA skeleton | Instance 2
p25105_i2	Mean MD in pontine crossing tract on FA skeleton | Instance 2
p25131_i2	Mean MD in posterior corona radiata on FA skeleton (left) | Instance 2
p25130_i2	Mean MD in posterior corona radiata on FA skeleton (right) | Instance 2
p25123_i2	Mean MD in posterior limb of internal capsule on FA skeleton (left) | Instance 2
p25122_i2	Mean MD in posterior limb of internal capsule on FA skeleton (right) | Instance 2
p25133_i2	Mean MD in posterior thalamic radiation on FA skeleton (left) | Instance 2
p25132_i2	Mean MD in posterior thalamic radiation on FA skeleton (right) | Instance 2
p25125_i2	Mean MD in retrolenticular part of internal capsule on FA skeleton (left) | Instance 2
p25124_i2	Mean MD in retrolenticular part of internal capsule on FA skeleton (right) | Instance 2
p25135_i2	Mean MD in sagittal stratum on FA skeleton (left) | Instance 2
p25134_i2	Mean MD in sagittal stratum on FA skeleton (right) | Instance 2
p25108_i2	Mean MD in splenium of corpus callosum on FA skeleton | Instance 2
p25117_i2	Mean MD in superior cerebellar peduncle on FA skeleton (left) | Instance 2
p25116_i2	Mean MD in superior cerebellar peduncle on FA skeleton (right) | Instance 2
p25129_i2	Mean MD in superior corona radiata on FA skeleton (left) | Instance 2
p25128_i2	Mean MD in superior corona radiata on FA skeleton (right) | Instance 2
p25147_i2	Mean MD in superior fronto-occipital fasciculus on FA skeleton (left) | Instance 2
p25146_i2	Mean MD in superior fronto-occipital fasciculus on FA skeleton (right) | Instance 2
p25145_i2	Mean MD in superior longitudinal fasciculus on FA skeleton (left) | Instance 2
p25144_i2	Mean MD in superior longitudinal fasciculus on FA skeleton (right) | Instance 2
p25151_i2	Mean MD in tapetum on FA skeleton (left) | Instance 2
p25150_i2	Mean MD in tapetum on FA skeleton (right) | Instance 2
p25149_i2	Mean MD in uncinate fasciculus on FA skeleton (left) | Instance 2
p25148_i2	Mean MD in uncinate fasciculus on FA skeleton (right) | Instance 2
p25175_i2	Mean MO in anterior corona radiata on FA skeleton (left) | Instance 2
p25174_i2	Mean MO in anterior corona radiata on FA skeleton (right) | Instance 2
p25169_i2	Mean MO in anterior limb of internal capsule on FA skeleton (left) | Instance 2
p25168_i2	Mean MO in anterior limb of internal capsule on FA skeleton (right) | Instance 2
p25155_i2	Mean MO in body of corpus callosum on FA skeleton | Instance 2
p25167_i2	Mean MO in cerebral peduncle on FA skeleton (left) | Instance 2
p25166_i2	Mean MO in cerebral peduncle on FA skeleton (right) | Instance 2
p25187_i2	Mean MO in cingulum cingulate gyrus on FA skeleton (left) | Instance 2
p25186_i2	Mean MO in cingulum cingulate gyrus on FA skeleton (right) | Instance 2
p25189_i2	Mean MO in cingulum hippocampus on FA skeleton (left) | Instance 2
p25188_i2	Mean MO in cingulum hippocampus on FA skeleton (right) | Instance 2
p25159_i2	Mean MO in corticospinal tract on FA skeleton (left) | Instance 2
p25158_i2	Mean MO in corticospinal tract on FA skeleton (right) | Instance 2
p25185_i2	Mean MO in external capsule on FA skeleton (left) | Instance 2
p25184_i2	Mean MO in external capsule on FA skeleton (right) | Instance 2
p25191_i2	Mean MO in fornix cres+stria terminalis on FA skeleton (left) | Instance 2
p25190_i2	Mean MO in fornix cres+stria terminalis on FA skeleton (right) | Instance 2
p25157_i2	Mean MO in fornix on FA skeleton | Instance 2
p25154_i2	Mean MO in genu of corpus callosum on FA skeleton | Instance 2
p25163_i2	Mean MO in inferior cerebellar peduncle on FA skeleton (left) | Instance 2
p25162_i2	Mean MO in inferior cerebellar peduncle on FA skeleton (right) | Instance 2
p25161_i2	Mean MO in medial lemniscus on FA skeleton (left) | Instance 2
p25160_i2	Mean MO in medial lemniscus on FA skeleton (right) | Instance 2
p25152_i2	Mean MO in middle cerebellar peduncle on FA skeleton | Instance 2
p25153_i2	Mean MO in pontine crossing tract on FA skeleton | Instance 2
p25179_i2	Mean MO in posterior corona radiata on FA skeleton (left) | Instance 2
p25178_i2	Mean MO in posterior corona radiata on FA skeleton (right) | Instance 2
p25171_i2	Mean MO in posterior limb of internal capsule on FA skeleton (left) | Instance 2
p25170_i2	Mean MO in posterior limb of internal capsule on FA skeleton (right) | Instance 2
p25181_i2	Mean MO in posterior thalamic radiation on FA skeleton (left) | Instance 2
p25180_i2	Mean MO in posterior thalamic radiation on FA skeleton (right) | Instance 2
p25173_i2	Mean MO in retrolenticular part of internal capsule on FA skeleton (left) | Instance 2
p25172_i2	Mean MO in retrolenticular part of internal capsule on FA skeleton (right) | Instance 2
p25183_i2	Mean MO in sagittal stratum on FA skeleton (left) | Instance 2
p25182_i2	Mean MO in sagittal stratum on FA skeleton (right) | Instance 2
p25156_i2	Mean MO in splenium of corpus callosum on FA skeleton | Instance 2
p25165_i2	Mean MO in superior cerebellar peduncle on FA skeleton (left) | Instance 2
p25164_i2	Mean MO in superior cerebellar peduncle on FA skeleton (right) | Instance 2
p25177_i2	Mean MO in superior corona radiata on FA skeleton (left) | Instance 2
p25176_i2	Mean MO in superior corona radiata on FA skeleton (right) | Instance 2
p25195_i2	Mean MO in superior fronto-occipital fasciculus on FA skeleton (left) | Instance 2
p25194_i2	Mean MO in superior fronto-occipital fasciculus on FA skeleton (right) | Instance 2
p25193_i2	Mean MO in superior longitudinal fasciculus on FA skeleton (left) | Instance 2
p25192_i2	Mean MO in superior longitudinal fasciculus on FA skeleton (right) | Instance 2
p25199_i2	Mean MO in tapetum on FA skeleton (left) | Instance 2
p25198_i2	Mean MO in tapetum on FA skeleton (right) | Instance 2
p25197_i2	Mean MO in uncinate fasciculus on FA skeleton (left) | Instance 2
p25196_i2	Mean MO in uncinate fasciculus on FA skeleton (right) | Instance 2
p25415_i2	Mean OD in anterior corona radiata on FA skeleton (left) | Instance 2
p25414_i2	Mean OD in anterior corona radiata on FA skeleton (right) | Instance 2
p25409_i2	Mean OD in anterior limb of internal capsule on FA skeleton (left) | Instance 2
p25408_i2	Mean OD in anterior limb of internal capsule on FA skeleton (right) | Instance 2
p25395_i2	Mean OD in body of corpus callosum on FA skeleton | Instance 2
p25407_i2	Mean OD in cerebral peduncle on FA skeleton (left) | Instance 2
p25406_i2	Mean OD in cerebral peduncle on FA skeleton (right) | Instance 2
p25427_i2	Mean OD in cingulum cingulate gyrus on FA skeleton (left) | Instance 2
p25426_i2	Mean OD in cingulum cingulate gyrus on FA skeleton (right) | Instance 2
p25429_i2	Mean OD in cingulum hippocampus on FA skeleton (left) | Instance 2
p25428_i2	Mean OD in cingulum hippocampus on FA skeleton (right) | Instance 2
p25399_i2	Mean OD in corticospinal tract on FA skeleton (left) | Instance 2
p25398_i2	Mean OD in corticospinal tract on FA skeleton (right) | Instance 2
p25425_i2	Mean OD in external capsule on FA skeleton (left) | Instance 2
p25424_i2	Mean OD in external capsule on FA skeleton (right) | Instance 2
p25431_i2	Mean OD in fornix cres+stria terminalis on FA skeleton (left) | Instance 2
p25430_i2	Mean OD in fornix cres+stria terminalis on FA skeleton (right) | Instance 2
p25397_i2	Mean OD in fornix on FA skeleton | Instance 2
p25394_i2	Mean OD in genu of corpus callosum on FA skeleton | Instance 2
p25403_i2	Mean OD in inferior cerebellar peduncle on FA skeleton (left) | Instance 2
p25402_i2	Mean OD in inferior cerebellar peduncle on FA skeleton (right) | Instance 2
p25401_i2	Mean OD in medial lemniscus on FA skeleton (left) | Instance 2
p25400_i2	Mean OD in medial lemniscus on FA skeleton (right) | Instance 2
p25392_i2	Mean OD in middle cerebellar peduncle on FA skeleton | Instance 2
p25393_i2	Mean OD in pontine crossing tract on FA skeleton | Instance 2
p25419_i2	Mean OD in posterior corona radiata on FA skeleton (left) | Instance 2
p25418_i2	Mean OD in posterior corona radiata on FA skeleton (right) | Instance 2
p25411_i2	Mean OD in posterior limb of internal capsule on FA skeleton (left) | Instance 2
p25410_i2	Mean OD in posterior limb of internal capsule on FA skeleton (right) | Instance 2
p25421_i2	Mean OD in posterior thalamic radiation on FA skeleton (left) | Instance 2
p25420_i2	Mean OD in posterior thalamic radiation on FA skeleton (right) | Instance 2
p25413_i2	Mean OD in retrolenticular part of internal capsule on FA skeleton (left) | Instance 2
p25412_i2	Mean OD in retrolenticular part of internal capsule on FA skeleton (right) | Instance 2
p25423_i2	Mean OD in sagittal stratum on FA skeleton (left) | Instance 2
p25422_i2	Mean OD in sagittal stratum on FA skeleton (right) | Instance 2
p25396_i2	Mean OD in splenium of corpus callosum on FA skeleton | Instance 2
p25405_i2	Mean OD in superior cerebellar peduncle on FA skeleton (left) | Instance 2
p25404_i2	Mean OD in superior cerebellar peduncle on FA skeleton (right) | Instance 2
p25417_i2	Mean OD in superior corona radiata on FA skeleton (left) | Instance 2
p25416_i2	Mean OD in superior corona radiata on FA skeleton (right) | Instance 2
p25435_i2	Mean OD in superior fronto-occipital fasciculus on FA skeleton (left) | Instance 2
p25434_i2	Mean OD in superior fronto-occipital fasciculus on FA skeleton (right) | Instance 2
p25433_i2	Mean OD in superior longitudinal fasciculus on FA skeleton (left) | Instance 2
p25432_i2	Mean OD in superior longitudinal fasciculus on FA skeleton (right) | Instance 2
p25439_i2	Mean OD in tapetum on FA skeleton (left) | Instance 2
p25438_i2	Mean OD in tapetum on FA skeleton (right) | Instance 2
p25437_i2	Mean OD in uncinate fasciculus on FA skeleton (left) | Instance 2
p25436_i2	Mean OD in uncinate fasciculus on FA skeleton (right) | Instance 2
p25488_i2	Weighted-mean FA in tract acoustic radiation (left) | Instance 2
p25489_i2	Weighted-mean FA in tract acoustic radiation (right) | Instance 2
p25490_i2	Weighted-mean FA in tract anterior thalamic radiation (left) | Instance 2
p25491_i2	Weighted-mean FA in tract anterior thalamic radiation (right) | Instance 2
p25492_i2	Weighted-mean FA in tract cingulate gyrus part of cingulum (left) | Instance 2
p25493_i2	Weighted-mean FA in tract cingulate gyrus part of cingulum (right) | Instance 2
p25496_i2	Weighted-mean FA in tract corticospinal tract (left) | Instance 2
p25497_i2	Weighted-mean FA in tract corticospinal tract (right) | Instance 2
p25498_i2	Weighted-mean FA in tract forceps major | Instance 2
p25499_i2	Weighted-mean FA in tract forceps minor | Instance 2
p25500_i2	Weighted-mean FA in tract inferior fronto-occipital fasciculus (left) | Instance 2
p25501_i2	Weighted-mean FA in tract inferior fronto-occipital fasciculus (right) | Instance 2
p25502_i2	Weighted-mean FA in tract inferior longitudinal fasciculus (left) | Instance 2
p25503_i2	Weighted-mean FA in tract inferior longitudinal fasciculus (right) | Instance 2
p25505_i2	Weighted-mean FA in tract medial lemniscus (left) | Instance 2
p25506_i2	Weighted-mean FA in tract medial lemniscus (right) | Instance 2
p25504_i2	Weighted-mean FA in tract middle cerebellar peduncle | Instance 2
p25494_i2	Weighted-mean FA in tract parahippocampal part of cingulum (left) | Instance 2
p25495_i2	Weighted-mean FA in tract parahippocampal part of cingulum (right) | Instance 2
p25507_i2	Weighted-mean FA in tract posterior thalamic radiation (left) | Instance 2
p25508_i2	Weighted-mean FA in tract posterior thalamic radiation (right) | Instance 2
p25509_i2	Weighted-mean FA in tract superior longitudinal fasciculus (left) | Instance 2
p25510_i2	Weighted-mean FA in tract superior longitudinal fasciculus (right) | Instance 2
p25511_i2	Weighted-mean FA in tract superior thalamic radiation (left) | Instance 2
p25512_i2	Weighted-mean FA in tract superior thalamic radiation (right) | Instance 2
p25513_i2	Weighted-mean FA in tract uncinate fasciculus (left) | Instance 2
p25514_i2	Weighted-mean FA in tract uncinate fasciculus (right) | Instance 2
p25650_i2	Weighted-mean ICVF in tract acoustic radiation (left) | Instance 2
p25651_i2	Weighted-mean ICVF in tract acoustic radiation (right) | Instance 2
p25652_i2	Weighted-mean ICVF in tract anterior thalamic radiation (left) | Instance 2
p25653_i2	Weighted-mean ICVF in tract anterior thalamic radiation (right) | Instance 2
p25654_i2	Weighted-mean ICVF in tract cingulate gyrus part of cingulum (left) | Instance 2
p25655_i2	Weighted-mean ICVF in tract cingulate gyrus part of cingulum (right) | Instance 2
p25658_i2	Weighted-mean ICVF in tract corticospinal tract (left) | Instance 2
p25659_i2	Weighted-mean ICVF in tract corticospinal tract (right) | Instance 2
p25660_i2	Weighted-mean ICVF in tract forceps major | Instance 2
p25661_i2	Weighted-mean ICVF in tract forceps minor | Instance 2
p25662_i2	Weighted-mean ICVF in tract inferior fronto-occipital fasciculus (left) | Instance 2
p25663_i2	Weighted-mean ICVF in tract inferior fronto-occipital fasciculus (right) | Instance 2
p25664_i2	Weighted-mean ICVF in tract inferior longitudinal fasciculus (left) | Instance 2
p25665_i2	Weighted-mean ICVF in tract inferior longitudinal fasciculus (right) | Instance 2
p25667_i2	Weighted-mean ICVF in tract medial lemniscus (left) | Instance 2
p25668_i2	Weighted-mean ICVF in tract medial lemniscus (right) | Instance 2
p25666_i2	Weighted-mean ICVF in tract middle cerebellar peduncle | Instance 2
p25656_i2	Weighted-mean ICVF in tract parahippocampal part of cingulum (left) | Instance 2
p25657_i2	Weighted-mean ICVF in tract parahippocampal part of cingulum (right) | Instance 2
p25669_i2	Weighted-mean ICVF in tract posterior thalamic radiation (left) | Instance 2
p25670_i2	Weighted-mean ICVF in tract posterior thalamic radiation (right) | Instance 2
p25671_i2	Weighted-mean ICVF in tract superior longitudinal fasciculus (left) | Instance 2
p25672_i2	Weighted-mean ICVF in tract superior longitudinal fasciculus (right) | Instance 2
p25673_i2	Weighted-mean ICVF in tract superior thalamic radiation (left) | Instance 2
p25674_i2	Weighted-mean ICVF in tract superior thalamic radiation (right) | Instance 2
p25675_i2	Weighted-mean ICVF in tract uncinate fasciculus (left) | Instance 2
p25676_i2	Weighted-mean ICVF in tract uncinate fasciculus (right) | Instance 2
p25704_i2	Weighted-mean ISOVF in tract acoustic radiation (left) | Instance 2
p25705_i2	Weighted-mean ISOVF in tract acoustic radiation (right) | Instance 2
p25706_i2	Weighted-mean ISOVF in tract anterior thalamic radiation (left) | Instance 2
p25707_i2	Weighted-mean ISOVF in tract anterior thalamic radiation (right) | Instance 2
p25708_i2	Weighted-mean ISOVF in tract cingulate gyrus part of cingulum (left) | Instance 2
p25709_i2	Weighted-mean ISOVF in tract cingulate gyrus part of cingulum (right) | Instance 2
p25712_i2	Weighted-mean ISOVF in tract corticospinal tract (left) | Instance 2
p25713_i2	Weighted-mean ISOVF in tract corticospinal tract (right) | Instance 2
p25714_i2	Weighted-mean ISOVF in tract forceps major | Instance 2
p25715_i2	Weighted-mean ISOVF in tract forceps minor | Instance 2
p25716_i2	Weighted-mean ISOVF in tract inferior fronto-occipital fasciculus (left) | Instance 2
p25717_i2	Weighted-mean ISOVF in tract inferior fronto-occipital fasciculus (right) | Instance 2
p25718_i2	Weighted-mean ISOVF in tract inferior longitudinal fasciculus (left) | Instance 2
p25719_i2	Weighted-mean ISOVF in tract inferior longitudinal fasciculus (right) | Instance 2
p25721_i2	Weighted-mean ISOVF in tract medial lemniscus (left) | Instance 2
p25722_i2	Weighted-mean ISOVF in tract medial lemniscus (right) | Instance 2
p25720_i2	Weighted-mean ISOVF in tract middle cerebellar peduncle | Instance 2
p25710_i2	Weighted-mean ISOVF in tract parahippocampal part of cingulum (left) | Instance 2
p25711_i2	Weighted-mean ISOVF in tract parahippocampal part of cingulum (right) | Instance 2
p25723_i2	Weighted-mean ISOVF in tract posterior thalamic radiation (left) | Instance 2
p25724_i2	Weighted-mean ISOVF in tract posterior thalamic radiation (right) | Instance 2
p25725_i2	Weighted-mean ISOVF in tract superior longitudinal fasciculus (left) | Instance 2
p25726_i2	Weighted-mean ISOVF in tract superior longitudinal fasciculus (right) | Instance 2
p25727_i2	Weighted-mean ISOVF in tract superior thalamic radiation (left) | Instance 2
p25728_i2	Weighted-mean ISOVF in tract superior thalamic radiation (right) | Instance 2
p25729_i2	Weighted-mean ISOVF in tract uncinate fasciculus (left) | Instance 2
p25730_i2	Weighted-mean ISOVF in tract uncinate fasciculus (right) | Instance 2
p25569_i2	Weighted-mean L1 in tract acoustic radiation (left) | Instance 2
p25570_i2	Weighted-mean L1 in tract acoustic radiation (right) | Instance 2
p25571_i2	Weighted-mean L1 in tract anterior thalamic radiation (left) | Instance 2
p25572_i2	Weighted-mean L1 in tract anterior thalamic radiation (right) | Instance 2
p25573_i2	Weighted-mean L1 in tract cingulate gyrus part of cingulum (left) | Instance 2
p25574_i2	Weighted-mean L1 in tract cingulate gyrus part of cingulum (right) | Instance 2
p25577_i2	Weighted-mean L1 in tract corticospinal tract (left) | Instance 2
p25578_i2	Weighted-mean L1 in tract corticospinal tract (right) | Instance 2
p25579_i2	Weighted-mean L1 in tract forceps major | Instance 2
p25580_i2	Weighted-mean L1 in tract forceps minor | Instance 2
p25581_i2	Weighted-mean L1 in tract inferior fronto-occipital fasciculus (left) | Instance 2
p25582_i2	Weighted-mean L1 in tract inferior fronto-occipital fasciculus (right) | Instance 2
p25583_i2	Weighted-mean L1 in tract inferior longitudinal fasciculus (left) | Instance 2
p25584_i2	Weighted-mean L1 in tract inferior longitudinal fasciculus (right) | Instance 2
p25586_i2	Weighted-mean L1 in tract medial lemniscus (left) | Instance 2
p25587_i2	Weighted-mean L1 in tract medial lemniscus (right) | Instance 2
p25585_i2	Weighted-mean L1 in tract middle cerebellar peduncle | Instance 2
p25575_i2	Weighted-mean L1 in tract parahippocampal part of cingulum (left) | Instance 2
p25576_i2	Weighted-mean L1 in tract parahippocampal part of cingulum (right) | Instance 2
p25588_i2	Weighted-mean L1 in tract posterior thalamic radiation (left) | Instance 2
p25589_i2	Weighted-mean L1 in tract posterior thalamic radiation (right) | Instance 2
p25590_i2	Weighted-mean L1 in tract superior longitudinal fasciculus (left) | Instance 2
p25591_i2	Weighted-mean L1 in tract superior longitudinal fasciculus (right) | Instance 2
p25592_i2	Weighted-mean L1 in tract superior thalamic radiation (left) | Instance 2
p25593_i2	Weighted-mean L1 in tract superior thalamic radiation (right) | Instance 2
p25594_i2	Weighted-mean L1 in tract uncinate fasciculus (left) | Instance 2
p25595_i2	Weighted-mean L1 in tract uncinate fasciculus (right) | Instance 2
p25596_i2	Weighted-mean L2 in tract acoustic radiation (left) | Instance 2
p25597_i2	Weighted-mean L2 in tract acoustic radiation (right) | Instance 2
p25598_i2	Weighted-mean L2 in tract anterior thalamic radiation (left) | Instance 2
p25599_i2	Weighted-mean L2 in tract anterior thalamic radiation (right) | Instance 2
p25600_i2	Weighted-mean L2 in tract cingulate gyrus part of cingulum (left) | Instance 2
p25601_i2	Weighted-mean L2 in tract cingulate gyrus part of cingulum (right) | Instance 2
p25604_i2	Weighted-mean L2 in tract corticospinal tract (left) | Instance 2
p25605_i2	Weighted-mean L2 in tract corticospinal tract (right) | Instance 2
p25606_i2	Weighted-mean L2 in tract forceps major | Instance 2
p25607_i2	Weighted-mean L2 in tract forceps minor | Instance 2
p25608_i2	Weighted-mean L2 in tract inferior fronto-occipital fasciculus (left) | Instance 2
p25609_i2	Weighted-mean L2 in tract inferior fronto-occipital fasciculus (right) | Instance 2
p25610_i2	Weighted-mean L2 in tract inferior longitudinal fasciculus (left) | Instance 2
p25611_i2	Weighted-mean L2 in tract inferior longitudinal fasciculus (right) | Instance 2
p25613_i2	Weighted-mean L2 in tract medial lemniscus (left) | Instance 2
p25614_i2	Weighted-mean L2 in tract medial lemniscus (right) | Instance 2
p25612_i2	Weighted-mean L2 in tract middle cerebellar peduncle | Instance 2
p25602_i2	Weighted-mean L2 in tract parahippocampal part of cingulum (left) | Instance 2
p25603_i2	Weighted-mean L2 in tract parahippocampal part of cingulum (right) | Instance 2
p25615_i2	Weighted-mean L2 in tract posterior thalamic radiation (left) | Instance 2
p25616_i2	Weighted-mean L2 in tract posterior thalamic radiation (right) | Instance 2
p25617_i2	Weighted-mean L2 in tract superior longitudinal fasciculus (left) | Instance 2
p25618_i2	Weighted-mean L2 in tract superior longitudinal fasciculus (right) | Instance 2
p25619_i2	Weighted-mean L2 in tract superior thalamic radiation (left) | Instance 2
p25620_i2	Weighted-mean L2 in tract superior thalamic radiation (right) | Instance 2
p25621_i2	Weighted-mean L2 in tract uncinate fasciculus (left) | Instance 2
p25622_i2	Weighted-mean L2 in tract uncinate fasciculus (right) | Instance 2
p25623_i2	Weighted-mean L3 in tract acoustic radiation (left) | Instance 2
p25624_i2	Weighted-mean L3 in tract acoustic radiation (right) | Instance 2
p25625_i2	Weighted-mean L3 in tract anterior thalamic radiation (left) | Instance 2
p25626_i2	Weighted-mean L3 in tract anterior thalamic radiation (right) | Instance 2
p25627_i2	Weighted-mean L3 in tract cingulate gyrus part of cingulum (left) | Instance 2
p25628_i2	Weighted-mean L3 in tract cingulate gyrus part of cingulum (right) | Instance 2
p25631_i2	Weighted-mean L3 in tract corticospinal tract (left) | Instance 2
p25632_i2	Weighted-mean L3 in tract corticospinal tract (right) | Instance 2
p25633_i2	Weighted-mean L3 in tract forceps major | Instance 2
p25634_i2	Weighted-mean L3 in tract forceps minor | Instance 2
p25635_i2	Weighted-mean L3 in tract inferior fronto-occipital fasciculus (left) | Instance 2
p25636_i2	Weighted-mean L3 in tract inferior fronto-occipital fasciculus (right) | Instance 2
p25637_i2	Weighted-mean L3 in tract inferior longitudinal fasciculus (left) | Instance 2
p25638_i2	Weighted-mean L3 in tract inferior longitudinal fasciculus (right) | Instance 2
p25640_i2	Weighted-mean L3 in tract medial lemniscus (left) | Instance 2
p25641_i2	Weighted-mean L3 in tract medial lemniscus (right) | Instance 2
p25639_i2	Weighted-mean L3 in tract middle cerebellar peduncle | Instance 2
p25629_i2	Weighted-mean L3 in tract parahippocampal part of cingulum (left) | Instance 2
p25630_i2	Weighted-mean L3 in tract parahippocampal part of cingulum (right) | Instance 2
p25642_i2	Weighted-mean L3 in tract posterior thalamic radiation (left) | Instance 2
p25643_i2	Weighted-mean L3 in tract posterior thalamic radiation (right) | Instance 2
p25644_i2	Weighted-mean L3 in tract superior longitudinal fasciculus (left) | Instance 2
p25645_i2	Weighted-mean L3 in tract superior longitudinal fasciculus (right) | Instance 2
p25646_i2	Weighted-mean L3 in tract superior thalamic radiation (left) | Instance 2
p25647_i2	Weighted-mean L3 in tract superior thalamic radiation (right) | Instance 2
p25648_i2	Weighted-mean L3 in tract uncinate fasciculus (left) | Instance 2
p25649_i2	Weighted-mean L3 in tract uncinate fasciculus (right) | Instance 2
p25515_i2	Weighted-mean MD in tract acoustic radiation (left) | Instance 2
p25516_i2	Weighted-mean MD in tract acoustic radiation (right) | Instance 2
p25517_i2	Weighted-mean MD in tract anterior thalamic radiation (left) | Instance 2
p25518_i2	Weighted-mean MD in tract anterior thalamic radiation (right) | Instance 2
p25519_i2	Weighted-mean MD in tract cingulate gyrus part of cingulum (left) | Instance 2
p25520_i2	Weighted-mean MD in tract cingulate gyrus part of cingulum (right) | Instance 2
p25523_i2	Weighted-mean MD in tract corticospinal tract (left) | Instance 2
p25524_i2	Weighted-mean MD in tract corticospinal tract (right) | Instance 2
p25525_i2	Weighted-mean MD in tract forceps major | Instance 2
p25526_i2	Weighted-mean MD in tract forceps minor | Instance 2
p25527_i2	Weighted-mean MD in tract inferior fronto-occipital fasciculus (left) | Instance 2
p25528_i2	Weighted-mean MD in tract inferior fronto-occipital fasciculus (right) | Instance 2
p25529_i2	Weighted-mean MD in tract inferior longitudinal fasciculus (left) | Instance 2
p25530_i2	Weighted-mean MD in tract inferior longitudinal fasciculus (right) | Instance 2
p25532_i2	Weighted-mean MD in tract medial lemniscus (left) | Instance 2
p25533_i2	Weighted-mean MD in tract medial lemniscus (right) | Instance 2
p25531_i2	Weighted-mean MD in tract middle cerebellar peduncle | Instance 2
p25521_i2	Weighted-mean MD in tract parahippocampal part of cingulum (left) | Instance 2
p25522_i2	Weighted-mean MD in tract parahippocampal part of cingulum (right) | Instance 2
p25534_i2	Weighted-mean MD in tract posterior thalamic radiation (left) | Instance 2
p25535_i2	Weighted-mean MD in tract posterior thalamic radiation (right) | Instance 2
p25536_i2	Weighted-mean MD in tract superior longitudinal fasciculus (left) | Instance 2
p25537_i2	Weighted-mean MD in tract superior longitudinal fasciculus (right) | Instance 2
p25538_i2	Weighted-mean MD in tract superior thalamic radiation (left) | Instance 2
p25539_i2	Weighted-mean MD in tract superior thalamic radiation (right) | Instance 2
p25540_i2	Weighted-mean MD in tract uncinate fasciculus (left) | Instance 2
p25541_i2	Weighted-mean MD in tract uncinate fasciculus (right) | Instance 2
p25542_i2	Weighted-mean MO in tract acoustic radiation (left) | Instance 2
p25543_i2	Weighted-mean MO in tract acoustic radiation (right) | Instance 2
p25544_i2	Weighted-mean MO in tract anterior thalamic radiation (left) | Instance 2
p25545_i2	Weighted-mean MO in tract anterior thalamic radiation (right) | Instance 2
p25546_i2	Weighted-mean MO in tract cingulate gyrus part of cingulum (left) | Instance 2
p25547_i2	Weighted-mean MO in tract cingulate gyrus part of cingulum (right) | Instance 2
p25550_i2	Weighted-mean MO in tract corticospinal tract (left) | Instance 2
p25551_i2	Weighted-mean MO in tract corticospinal tract (right) | Instance 2
p25552_i2	Weighted-mean MO in tract forceps major | Instance 2
p25553_i2	Weighted-mean MO in tract forceps minor | Instance 2
p25554_i2	Weighted-mean MO in tract inferior fronto-occipital fasciculus (left) | Instance 2
p25555_i2	Weighted-mean MO in tract inferior fronto-occipital fasciculus (right) | Instance 2
p25556_i2	Weighted-mean MO in tract inferior longitudinal fasciculus (left) | Instance 2
p25557_i2	Weighted-mean MO in tract inferior longitudinal fasciculus (right) | Instance 2
p25559_i2	Weighted-mean MO in tract medial lemniscus (left) | Instance 2
p25560_i2	Weighted-mean MO in tract medial lemniscus (right) | Instance 2
p25558_i2	Weighted-mean MO in tract middle cerebellar peduncle | Instance 2
p25548_i2	Weighted-mean MO in tract parahippocampal part of cingulum (left) | Instance 2
p25549_i2	Weighted-mean MO in tract parahippocampal part of cingulum (right) | Instance 2
p25561_i2	Weighted-mean MO in tract posterior thalamic radiation (left) | Instance 2
p25562_i2	Weighted-mean MO in tract posterior thalamic radiation (right) | Instance 2
p25563_i2	Weighted-mean MO in tract superior longitudinal fasciculus (left) | Instance 2
p25564_i2	Weighted-mean MO in tract superior longitudinal fasciculus (right) | Instance 2
p25565_i2	Weighted-mean MO in tract superior thalamic radiation (left) | Instance 2
p25566_i2	Weighted-mean MO in tract superior thalamic radiation (right) | Instance 2
p25567_i2	Weighted-mean MO in tract uncinate fasciculus (left) | Instance 2
p25568_i2	Weighted-mean MO in tract uncinate fasciculus (right) | Instance 2
p25677_i2	Weighted-mean OD in tract acoustic radiation (left) | Instance 2
p25678_i2	Weighted-mean OD in tract acoustic radiation (right) | Instance 2
p25679_i2	Weighted-mean OD in tract anterior thalamic radiation (left) | Instance 2
p25680_i2	Weighted-mean OD in tract anterior thalamic radiation (right) | Instance 2
p25681_i2	Weighted-mean OD in tract cingulate gyrus part of cingulum (left) | Instance 2
p25682_i2	Weighted-mean OD in tract cingulate gyrus part of cingulum (right) | Instance 2
p25685_i2	Weighted-mean OD in tract corticospinal tract (left) | Instance 2
p25686_i2	Weighted-mean OD in tract corticospinal tract (right) | Instance 2
p25687_i2	Weighted-mean OD in tract forceps major | Instance 2
p25688_i2	Weighted-mean OD in tract forceps minor | Instance 2
p25689_i2	Weighted-mean OD in tract inferior fronto-occipital fasciculus (left) | Instance 2
p25690_i2	Weighted-mean OD in tract inferior fronto-occipital fasciculus (right) | Instance 2
p25691_i2	Weighted-mean OD in tract inferior longitudinal fasciculus (left) | Instance 2
p25692_i2	Weighted-mean OD in tract inferior longitudinal fasciculus (right) | Instance 2
p25694_i2	Weighted-mean OD in tract medial lemniscus (left) | Instance 2
p25695_i2	Weighted-mean OD in tract medial lemniscus (right) | Instance 2
p25693_i2	Weighted-mean OD in tract middle cerebellar peduncle | Instance 2
p25683_i2	Weighted-mean OD in tract parahippocampal part of cingulum (left) | Instance 2
p25684_i2	Weighted-mean OD in tract parahippocampal part of cingulum (right) | Instance 2
p25696_i2	Weighted-mean OD in tract posterior thalamic radiation (left) | Instance 2
p25697_i2	Weighted-mean OD in tract posterior thalamic radiation (right) | Instance 2
p25698_i2	Weighted-mean OD in tract superior longitudinal fasciculus (left) | Instance 2
p25699_i2	Weighted-mean OD in tract superior longitudinal fasciculus (right) | Instance 2
p25700_i2	Weighted-mean OD in tract superior thalamic radiation (left) | Instance 2
p25701_i2	Weighted-mean OD in tract superior thalamic radiation (right) | Instance 2
p25702_i2	Weighted-mean OD in tract uncinate fasciculus (left) | Instance 2
p25703_i2	Weighted-mean OD in tract uncinate fasciculus (right) | Instance 2
p25927_i2	Intensity scaling for SWI | Instance 2
p24483_i2	Median T2star in substantia nigra (left) | Instance 2
p24484_i2	Median T2star in substantia nigra (right) | Instance 2
p24479_i2	Median magnetic susceptibility in accumbens (left) | Instance 2
p24480_i2	Median magnetic susceptibility in accumbens (right) | Instance 2
p24477_i2	Median magnetic susceptibility in amygdala (left) | Instance 2
p24478_i2	Median magnetic susceptibility in amygdala (right) | Instance 2
p24469_i2	Median magnetic susceptibility in caudate (left) | Instance 2
p24470_i2	Median magnetic susceptibility in caudate (right) | Instance 2
p24475_i2	Median magnetic susceptibility in hippocampus (left) | Instance 2
p24476_i2	Median magnetic susceptibility in hippocampus (right) | Instance 2
p24473_i2	Median magnetic susceptibility in pallidum (left) | Instance 2
p24474_i2	Median magnetic susceptibility in pallidum (right) | Instance 2
p24471_i2	Median magnetic susceptibility in putamen (left) | Instance 2
p24472_i2	Median magnetic susceptibility in putamen (right) | Instance 2
p24481_i2	Median magnetic susceptibility in substantia nigra (left) | Instance 2
p24482_i2	Median magnetic susceptibility in substantia nigra (right) | Instance 2
p24467_i2	Median magnetic susceptibility in thalamus (left) | Instance 2
p24468_i2	Median magnetic susceptibility in thalamus (right) | Instance 2
p24418_i2	Whether a temporary protocol change affected SWI | Instance 2
p25738_i2	Discrepancy between SWI brain image and T1 brain image | Instance 2
p25038_i2	Median T2star in accumbens (left) | Instance 2
p25039_i2	Median T2star in accumbens (right) | Instance 2
p25036_i2	Median T2star in amygdala (left) | Instance 2
p25037_i2	Median T2star in amygdala (right) | Instance 2
p25028_i2	Median T2star in caudate (left) | Instance 2
p25029_i2	Median T2star in caudate (right) | Instance 2
p25034_i2	Median T2star in hippocampus (left) | Instance 2
p25035_i2	Median T2star in hippocampus (right) | Instance 2
p25032_i2	Median T2star in pallidum (left) | Instance 2
p25033_i2	Median T2star in pallidum (right) | Instance 2
p25030_i2	Median T2star in putamen (left) | Instance 2
p25031_i2	Median T2star in putamen (right) | Instance 2
p25026_i2	Median T2star in thalamus (left) | Instance 2
p25027_i2	Median T2star in thalamus (right) | Instance 2
p24440_i2	90th percentile of absolute head motion from rfMRI  | Instance 2
p24459_i2	90th percentile of mean (across space) in-plane displacement from rfMRI | Instance 2
p24462_i2	90th percentile of mean (across space) of Z displacement from rfMRI | Instance 2
p24464_i2	90th percentile of mean (across time) in-plane displacement from rfMRI | Instance 2
p24466_i2	90th percentile of mean (across time) of Z displacement from rfMRI | Instance 2
p24443_i2	90th percentile of relative head motion from rfMRI  | Instance 2
p24434_i2	DVARS 90th percentile D from cleaned rfMRI | Instance 2
p24425_i2	DVARS 90th percentile D from uncleaned rfMRI | Instance 2
p24431_i2	DVARS 90th percentile S from cleaned rfMRI | Instance 2
p24422_i2	DVARS 90th percentile S from uncleaned rfMRI | Instance 2
p24437_i2	DVARS 90th percentile SD from cleaned rfMRI | Instance 2
p24428_i2	DVARS 90th percentile SD from uncleaned rfMRI | Instance 2
p24432_i2	DVARS Mean D from cleaned rfMRI | Instance 2
p24423_i2	DVARS Mean D from uncleaned rfMRI | Instance 2
p24429_i2	DVARS Mean S from cleaned rfMRI | Instance 2
p24420_i2	DVARS Mean S from uncleaned rfMRI | Instance 2
p24435_i2	DVARS Mean SD from cleaned rfMRI | Instance 2
p24426_i2	DVARS Mean SD from uncleaned rfMRI | Instance 2
p24433_i2	DVARS Median D from cleaned rfMRI | Instance 2
p24424_i2	DVARS Median D from uncleaned rfMRI | Instance 2
p24430_i2	DVARS Median S from cleaned rfMRI | Instance 2
p24421_i2	DVARS Median S from uncleaned rfMRI | Instance 2
p24436_i2	DVARS Median SD from cleaned rfMRI | Instance 2
p24427_i2	DVARS Median SD from uncleaned rfMRI | Instance 2
p25923_i2	Echo Time for rfMRI | Instance 2
p25929_i2	Intensity scaling for rfMRI | Instance 2
p24438_i2	Mean absolute head motion from rfMRI  | Instance 2
p24457_i2	Mean of mean (across space) in-plane displacement from rfMRI | Instance 2
p24460_i2	Mean of mean (across space) of Z displacement from rfMRI | Instance 2
p24441_i2	Mean relative head motion from rfMRI  | Instance 2
p24439_i2	Median absolute head motion from rfMRI  | Instance 2
p24458_i2	Median of mean (across space) in-plane displacement from rfMRI | Instance 2
p24461_i2	Median of mean (across space) of Z displacement from rfMRI | Instance 2
p24463_i2	Median of mean (across time) in-plane displacement from rfMRI | Instance 2
p24465_i2	Median of mean (across time) of Z displacement from rfMRI | Instance 2
p24442_i2	Median relative head motion from rfMRI  | Instance 2
p25739_i2	Discrepancy between rfMRI brain image and T1 brain image | Instance 2
p25741_i2	Mean rfMRI head motion, averaged across space and time points | Instance 2
p25744_i2	Inverted temporal signal-to-noise ratio in artefact-cleaned pre-processed rfMRI | Instance 2
p25743_i2	Inverted temporal signal-to-noise ratio in pre-processed rfMRI | Instance 2
p25888_i3	Volume of grey matter in Amygdala (left) | Instance 3
p25889_i3	Volume of grey matter in Amygdala (right) | Instance 3
p25822_i3	Volume of grey matter in Angular Gyrus (left) | Instance 3
p25823_i3	Volume of grey matter in Angular Gyrus (right) | Instance 3
p25892_i3	Volume of grey matter in Brain-Stem | Instance 3
p25880_i3	Volume of grey matter in Caudate (left) | Instance 3
p25881_i3	Volume of grey matter in Caudate (right) | Instance 3
p25864_i3	Volume of grey matter in Central Opercular Cortex (left) | Instance 3
p25865_i3	Volume of grey matter in Central Opercular Cortex (right) | Instance 3
p25838_i3	Volume of grey matter in Cingulate Gyrus, anterior division (left) | Instance 3
p25839_i3	Volume of grey matter in Cingulate Gyrus, anterior division (right) | Instance 3
p25840_i3	Volume of grey matter in Cingulate Gyrus, posterior division (left) | Instance 3
p25841_i3	Volume of grey matter in Cingulate Gyrus, posterior division (right) | Instance 3
p25900_i3	Volume of grey matter in Crus I Cerebellum (left) | Instance 3
p25902_i3	Volume of grey matter in Crus I Cerebellum (right) | Instance 3
p25901_i3	Volume of grey matter in Crus I Cerebellum (vermis) | Instance 3
p25903_i3	Volume of grey matter in Crus II Cerebellum (left) | Instance 3
p25905_i3	Volume of grey matter in Crus II Cerebellum (right) | Instance 3
p25904_i3	Volume of grey matter in Crus II Cerebellum (vermis) | Instance 3
p25844_i3	Volume of grey matter in Cuneal Cortex (left) | Instance 3
p25845_i3	Volume of grey matter in Cuneal Cortex (right) | Instance 3
p25830_i3	Volume of grey matter in Frontal Medial Cortex (left) | Instance 3
p25831_i3	Volume of grey matter in Frontal Medial Cortex (right) | Instance 3
p25862_i3	Volume of grey matter in Frontal Operculum Cortex (left) | Instance 3
p25863_i3	Volume of grey matter in Frontal Operculum Cortex (right) | Instance 3
p25846_i3	Volume of grey matter in Frontal Orbital Cortex (left) | Instance 3
p25847_i3	Volume of grey matter in Frontal Orbital Cortex (right) | Instance 3
p25782_i3	Volume of grey matter in Frontal Pole (left) | Instance 3
p25783_i3	Volume of grey matter in Frontal Pole (right) | Instance 3
p25870_i3	Volume of grey matter in Heschl's Gyrus (includes H1 and H2) (left) | Instance 3
p25871_i3	Volume of grey matter in Heschl's Gyrus (includes H1 and H2) (right) | Instance 3
p25886_i3	Volume of grey matter in Hippocampus (left) | Instance 3
p25887_i3	Volume of grey matter in Hippocampus (right) | Instance 3
p25893_i3	Volume of grey matter in I-IV Cerebellum (left) | Instance 3
p25894_i3	Volume of grey matter in I-IV Cerebellum (right) | Instance 3
p25915_i3	Volume of grey matter in IX Cerebellum (left) | Instance 3
p25917_i3	Volume of grey matter in IX Cerebellum (right) | Instance 3
p25916_i3	Volume of grey matter in IX Cerebellum (vermis) | Instance 3
p25792_i3	Volume of grey matter in Inferior Frontal Gyrus, pars opercularis (left) | Instance 3
p25793_i3	Volume of grey matter in Inferior Frontal Gyrus, pars opercularis (right) | Instance 3
p25790_i3	Volume of grey matter in Inferior Frontal Gyrus, pars triangularis (left) | Instance 3
p25791_i3	Volume of grey matter in Inferior Frontal Gyrus, pars triangularis (right) | Instance 3
p25808_i3	Volume of grey matter in Inferior Temporal Gyrus, anterior division (left) | Instance 3
p25809_i3	Volume of grey matter in Inferior Temporal Gyrus, anterior division (right) | Instance 3
p25810_i3	Volume of grey matter in Inferior Temporal Gyrus, posterior division (left) | Instance 3
p25811_i3	Volume of grey matter in Inferior Temporal Gyrus, posterior division (right) | Instance 3
p25812_i3	Volume of grey matter in Inferior Temporal Gyrus, temporooccipital part (left) | Instance 3
p25813_i3	Volume of grey matter in Inferior Temporal Gyrus, temporooccipital part (right) | Instance 3
p25784_i3	Volume of grey matter in Insular Cortex (left) | Instance 3
p25785_i3	Volume of grey matter in Insular Cortex (right) | Instance 3
p25828_i3	Volume of grey matter in Intracalcarine Cortex (left) | Instance 3
p25829_i3	Volume of grey matter in Intracalcarine Cortex (right) | Instance 3
p25832_i3	Volume of grey matter in Juxtapositional Lobule Cortex (formerly Supplementary Motor Cortex) (left) | Instance 3
p25833_i3	Volume of grey matter in Juxtapositional Lobule Cortex (formerly Supplementary Motor Cortex) (right) | Instance 3
p25826_i3	Volume of grey matter in Lateral Occipital Cortex, inferior division (left) | Instance 3
p25827_i3	Volume of grey matter in Lateral Occipital Cortex, inferior division (right) | Instance 3
p25824_i3	Volume of grey matter in Lateral Occipital Cortex, superior division (left) | Instance 3
p25825_i3	Volume of grey matter in Lateral Occipital Cortex, superior division (right) | Instance 3
p25852_i3	Volume of grey matter in Lingual Gyrus (left) | Instance 3
p25853_i3	Volume of grey matter in Lingual Gyrus (right) | Instance 3
p25788_i3	Volume of grey matter in Middle Frontal Gyrus (left) | Instance 3
p25789_i3	Volume of grey matter in Middle Frontal Gyrus (right) | Instance 3
p25802_i3	Volume of grey matter in Middle Temporal Gyrus, anterior division (left) | Instance 3
p25803_i3	Volume of grey matter in Middle Temporal Gyrus, anterior division (right) | Instance 3
p25804_i3	Volume of grey matter in Middle Temporal Gyrus, posterior division (left) | Instance 3
p25805_i3	Volume of grey matter in Middle Temporal Gyrus, posterior division (right) | Instance 3
p25806_i3	Volume of grey matter in Middle Temporal Gyrus, temporooccipital part (left) | Instance 3
p25807_i3	Volume of grey matter in Middle Temporal Gyrus, temporooccipital part (right) | Instance 3
p25860_i3	Volume of grey matter in Occipital Fusiform Gyrus (left) | Instance 3
p25861_i3	Volume of grey matter in Occipital Fusiform Gyrus (right) | Instance 3
p25876_i3	Volume of grey matter in Occipital Pole (left) | Instance 3
p25877_i3	Volume of grey matter in Occipital Pole (right) | Instance 3
p25884_i3	Volume of grey matter in Pallidum (left) | Instance 3
p25885_i3	Volume of grey matter in Pallidum (right) | Instance 3
p25836_i3	Volume of grey matter in Paracingulate Gyrus (left) | Instance 3
p25837_i3	Volume of grey matter in Paracingulate Gyrus (right) | Instance 3
p25848_i3	Volume of grey matter in Parahippocampal Gyrus, anterior division (left) | Instance 3
p25849_i3	Volume of grey matter in Parahippocampal Gyrus, anterior division (right) | Instance 3
p25850_i3	Volume of grey matter in Parahippocampal Gyrus, posterior division (left) | Instance 3
p25851_i3	Volume of grey matter in Parahippocampal Gyrus, posterior division (right) | Instance 3
p25866_i3	Volume of grey matter in Parietal Operculum Cortex (left) | Instance 3
p25867_i3	Volume of grey matter in Parietal Operculum Cortex (right) | Instance 3
p25868_i3	Volume of grey matter in Planum Polare (left) | Instance 3
p25869_i3	Volume of grey matter in Planum Polare (right) | Instance 3
p25872_i3	Volume of grey matter in Planum Temporale (left) | Instance 3
p25873_i3	Volume of grey matter in Planum Temporale (right) | Instance 3
p25814_i3	Volume of grey matter in Postcentral Gyrus (left) | Instance 3
p25815_i3	Volume of grey matter in Postcentral Gyrus (right) | Instance 3
p25794_i3	Volume of grey matter in Precentral Gyrus (left) | Instance 3
p25795_i3	Volume of grey matter in Precentral Gyrus (right) | Instance 3
p25842_i3	Volume of grey matter in Precuneous Cortex (left) | Instance 3
p25843_i3	Volume of grey matter in Precuneous Cortex (right) | Instance 3
p25882_i3	Volume of grey matter in Putamen (left) | Instance 3
p25883_i3	Volume of grey matter in Putamen (right) | Instance 3
p25834_i3	Volume of grey matter in Subcallosal Cortex (left) | Instance 3
p25835_i3	Volume of grey matter in Subcallosal Cortex (right) | Instance 3
p25786_i3	Volume of grey matter in Superior Frontal Gyrus (left) | Instance 3
p25787_i3	Volume of grey matter in Superior Frontal Gyrus (right) | Instance 3
p25816_i3	Volume of grey matter in Superior Parietal Lobule (left) | Instance 3
p25817_i3	Volume of grey matter in Superior Parietal Lobule (right) | Instance 3
p25798_i3	Volume of grey matter in Superior Temporal Gyrus, anterior division (left) | Instance 3
p25799_i3	Volume of grey matter in Superior Temporal Gyrus, anterior division (right) | Instance 3
p25800_i3	Volume of grey matter in Superior Temporal Gyrus, posterior division (left) | Instance 3
p25801_i3	Volume of grey matter in Superior Temporal Gyrus, posterior division (right) | Instance 3
p25874_i3	Volume of grey matter in Supracalcarine Cortex (left) | Instance 3
p25875_i3	Volume of grey matter in Supracalcarine Cortex (right) | Instance 3
p25818_i3	Volume of grey matter in Supramarginal Gyrus, anterior division (left) | Instance 3
p25819_i3	Volume of grey matter in Supramarginal Gyrus, anterior division (right) | Instance 3
p25820_i3	Volume of grey matter in Supramarginal Gyrus, posterior division (left) | Instance 3
p25821_i3	Volume of grey matter in Supramarginal Gyrus, posterior division (right) | Instance 3
p25854_i3	Volume of grey matter in Temporal Fusiform Cortex, anterior division (left) | Instance 3
p25855_i3	Volume of grey matter in Temporal Fusiform Cortex, anterior division (right) | Instance 3
p25856_i3	Volume of grey matter in Temporal Fusiform Cortex, posterior division (left) | Instance 3
p25857_i3	Volume of grey matter in Temporal Fusiform Cortex, posterior division (right) | Instance 3
p25858_i3	Volume of grey matter in Temporal Occipital Fusiform Cortex (left) | Instance 3
p25859_i3	Volume of grey matter in Temporal Occipital Fusiform Cortex (right) | Instance 3
p25796_i3	Volume of grey matter in Temporal Pole (left) | Instance 3
p25797_i3	Volume of grey matter in Temporal Pole (right) | Instance 3
p25878_i3	Volume of grey matter in Thalamus (left) | Instance 3
p25879_i3	Volume of grey matter in Thalamus (right) | Instance 3
p25895_i3	Volume of grey matter in V Cerebellum (left) | Instance 3
p25896_i3	Volume of grey matter in V Cerebellum (right) | Instance 3
p25897_i3	Volume of grey matter in VI Cerebellum (left) | Instance 3
p25899_i3	Volume of grey matter in VI Cerebellum (right) | Instance 3
p25898_i3	Volume of grey matter in VI Cerebellum (vermis) | Instance 3
p25909_i3	Volume of grey matter in VIIIa Cerebellum (left) | Instance 3
p25911_i3	Volume of grey matter in VIIIa Cerebellum (right) | Instance 3
p25910_i3	Volume of grey matter in VIIIa Cerebellum (vermis) | Instance 3
p25912_i3	Volume of grey matter in VIIIb Cerebellum (left) | Instance 3
p25914_i3	Volume of grey matter in VIIIb Cerebellum (right) | Instance 3
p25913_i3	Volume of grey matter in VIIIb Cerebellum (vermis) | Instance 3
p25906_i3	Volume of grey matter in VIIb Cerebellum (left) | Instance 3
p25908_i3	Volume of grey matter in VIIb Cerebellum (right) | Instance 3
p25907_i3	Volume of grey matter in VIIb Cerebellum (vermis) | Instance 3
p25890_i3	Volume of grey matter in Ventral Striatum (left) | Instance 3
p25891_i3	Volume of grey matter in Ventral Striatum (right) | Instance 3
p25918_i3	Volume of grey matter in X Cerebellum (left) | Instance 3
p25919_i3	Volume of grey matter in X Cerebellum (vermis) | Instance 3
p25920_i3	Volume of grey matter in X Cerebellum (right) | Instance 3
p25023_i3	Volume of accumbens (left) | Instance 3
p25024_i3	Volume of accumbens (right) | Instance 3
p25021_i3	Volume of amygdala (left) | Instance 3
p25022_i3	Volume of amygdala (right) | Instance 3
p25013_i3	Volume of caudate (left) | Instance 3
p25014_i3	Volume of caudate (right) | Instance 3
p25019_i3	Volume of hippocampus (left) | Instance 3
p25020_i3	Volume of hippocampus (right) | Instance 3
p25017_i3	Volume of pallidum (left) | Instance 3
p25018_i3	Volume of pallidum (right) | Instance 3
p25015_i3	Volume of putamen (left) | Instance 3
p25016_i3	Volume of putamen (right) | Instance 3
p25011_i3	Volume of thalamus (left) | Instance 3
p25012_i3	Volume of thalamus (right) | Instance 3
p26501_i3	Mean intensity of 3rd-Ventricle (whole brain) | Instance 3
p26502_i3	Mean intensity of 4th-Ventricle (whole brain) | Instance 3
p26503_i3	Mean intensity of 5th-Ventricle (whole brain) | Instance 3
p26548_i3	Mean intensity of Accumbens-area (left hemisphere) | Instance 3
p26579_i3	Mean intensity of Accumbens-area (right hemisphere) | Instance 3
p26547_i3	Mean intensity of Amygdala (left hemisphere) | Instance 3
p26578_i3	Mean intensity of Amygdala (right hemisphere) | Instance 3
p26504_i3	Mean intensity of Brain-Stem (whole brain) | Instance 3
p26513_i3	Mean intensity of CC-Anterior (whole brain) | Instance 3
p26511_i3	Mean intensity of CC-Central (whole brain) | Instance 3
p26512_i3	Mean intensity of CC-Mid-Anterior (whole brain) | Instance 3
p26510_i3	Mean intensity of CC-Mid-Posterior (whole brain) | Instance 3
p26509_i3	Mean intensity of CC-Posterior (whole brain) | Instance 3
p26505_i3	Mean intensity of CSF (whole brain) | Instance 3
p26543_i3	Mean intensity of Caudate (left hemisphere) | Instance 3
p26574_i3	Mean intensity of Caudate (right hemisphere) | Instance 3
p26541_i3	Mean intensity of Cerebellum-Cortex (left hemisphere) | Instance 3
p26572_i3	Mean intensity of Cerebellum-Cortex (right hemisphere) | Instance 3
p26540_i3	Mean intensity of Cerebellum-White-Matter (left hemisphere) | Instance 3
p26571_i3	Mean intensity of Cerebellum-White-Matter (right hemisphere) | Instance 3
p26546_i3	Mean intensity of Hippocampus (left hemisphere) | Instance 3
p26577_i3	Mean intensity of Hippocampus (right hemisphere) | Instance 3
p26539_i3	Mean intensity of Inf-Lat-Vent (left hemisphere) | Instance 3
p26570_i3	Mean intensity of Inf-Lat-Vent (right hemisphere) | Instance 3
p26538_i3	Mean intensity of Lateral-Ventricle (left hemisphere) | Instance 3
p26569_i3	Mean intensity of Lateral-Ventricle (right hemisphere) | Instance 3
p26508_i3	Mean intensity of Optic-Chiasm (whole brain) | Instance 3
p26545_i3	Mean intensity of Pallidum (left hemisphere) | Instance 3
p26576_i3	Mean intensity of Pallidum (right hemisphere) | Instance 3
p26544_i3	Mean intensity of Putamen (left hemisphere) | Instance 3
p26575_i3	Mean intensity of Putamen (right hemisphere) | Instance 3
p26542_i3	Mean intensity of Thalamus-Proper (left hemisphere) | Instance 3
p26573_i3	Mean intensity of Thalamus-Proper (right hemisphere) | Instance 3
p26549_i3	Mean intensity of VentralDC (left hemisphere) | Instance 3
p26580_i3	Mean intensity of VentralDC (right hemisphere) | Instance 3
p26506_i3	Mean intensity of WM-hypointensities (whole brain) | Instance 3
p26551_i3	Mean intensity of choroid-plexus (left hemisphere) | Instance 3
p26582_i3	Mean intensity of choroid-plexus (right hemisphere) | Instance 3
p26507_i3	Mean intensity of non-WM-hypointensities (whole brain) | Instance 3
p26550_i3	Mean intensity of vessel (left hemisphere) | Instance 3
p26581_i3	Mean intensity of vessel (right hemisphere) | Instance 3
p26568_i3	Number of HolesBeforeFixing (left hemisphere) | Instance 3
p26599_i3	Number of HolesBeforeFixing (right hemisphere) | Instance 3
p26523_i3	Volume of 3rd-Ventricle (whole brain) | Instance 3
p26524_i3	Volume of 4th-Ventricle (whole brain) | Instance 3
p26525_i3	Volume of 5th-Ventricle (whole brain) | Instance 3
p26564_i3	Volume of Accumbens-area (left hemisphere) | Instance 3
p26595_i3	Volume of Accumbens-area (right hemisphere) | Instance 3
p26563_i3	Volume of Amygdala (left hemisphere) | Instance 3
p26594_i3	Volume of Amygdala (right hemisphere) | Instance 3
p26526_i3	Volume of Brain-Stem (whole brain) | Instance 3
p26514_i3	Volume of BrainSeg (whole brain) | Instance 3
p26515_i3	Volume of BrainSegNotVent (whole brain) | Instance 3
p26516_i3	Volume of BrainSegNotVentSurf (whole brain) | Instance 3
p26535_i3	Volume of CC-Anterior (whole brain) | Instance 3
p26533_i3	Volume of CC-Central (whole brain) | Instance 3
p26534_i3	Volume of CC-Mid-Anterior (whole brain) | Instance 3
p26532_i3	Volume of CC-Mid-Posterior (whole brain) | Instance 3
p26531_i3	Volume of CC-Posterior (whole brain) | Instance 3
p26527_i3	Volume of CSF (whole brain) | Instance 3
p26559_i3	Volume of Caudate (left hemisphere) | Instance 3
p26590_i3	Volume of Caudate (right hemisphere) | Instance 3
p26557_i3	Volume of Cerebellum-Cortex (left hemisphere) | Instance 3
p26588_i3	Volume of Cerebellum-Cortex (right hemisphere) | Instance 3
p26556_i3	Volume of Cerebellum-White-Matter (left hemisphere) | Instance 3
p26587_i3	Volume of Cerebellum-White-Matter (right hemisphere) | Instance 3
p26553_i3	Volume of CerebralWhiteMatter (left hemisphere) | Instance 3
p26584_i3	Volume of CerebralWhiteMatter (right hemisphere) | Instance 3
p26552_i3	Volume of Cortex (left hemisphere) | Instance 3
p26583_i3	Volume of Cortex (right hemisphere) | Instance 3
p26521_i3	Volume of EstimatedTotalIntraCranial (whole brain) | Instance 3
p26562_i3	Volume of Hippocampus (left hemisphere) | Instance 3
p26593_i3	Volume of Hippocampus (right hemisphere) | Instance 3
p26555_i3	Volume of Inf-Lat-Vent (left hemisphere) | Instance 3
p26586_i3	Volume of Inf-Lat-Vent (right hemisphere) | Instance 3
p26554_i3	Volume of Lateral-Ventricle (left hemisphere) | Instance 3
p26585_i3	Volume of Lateral-Ventricle (right hemisphere) | Instance 3
p26530_i3	Volume of Optic-Chiasm (whole brain) | Instance 3
p26561_i3	Volume of Pallidum (left hemisphere) | Instance 3
p26592_i3	Volume of Pallidum (right hemisphere) | Instance 3
p26560_i3	Volume of Putamen (left hemisphere) | Instance 3
p26591_i3	Volume of Putamen (right hemisphere) | Instance 3
p26517_i3	Volume of SubCortGray (whole brain) | Instance 3
p26519_i3	Volume of SupraTentorial (whole brain) | Instance 3
p26520_i3	Volume of SupraTentorialNotVent (whole brain) | Instance 3
p26558_i3	Volume of Thalamus-Proper (left hemisphere) | Instance 3
p26589_i3	Volume of Thalamus-Proper (right hemisphere) | Instance 3
p26518_i3	Volume of TotalGray (whole brain) | Instance 3
p26565_i3	Volume of VentralDC (left hemisphere) | Instance 3
p26596_i3	Volume of VentralDC (right hemisphere) | Instance 3
p26522_i3	Volume of VentricleChoroid (whole brain) | Instance 3
p26528_i3	Volume of WM-hypointensities (whole brain) | Instance 3
p26567_i3	Volume of choroid-plexus (left hemisphere) | Instance 3
p26598_i3	Volume of choroid-plexus (right hemisphere) | Instance 3
p26529_i3	Volume of non-WM-hypointensities (whole brain) | Instance 3
p26566_i3	Volume of vessel (left hemisphere) | Instance 3
p26597_i3	Volume of vessel (right hemisphere) | Instance 3
p26536_i3	Volume-ratio of BrainSegVol-to-eTIV (whole brain) | Instance 3
p26537_i3	Volume-ratio of MaskVol-to-eTIV (whole brain) | Instance 3
p27059_i3	Area of BA1 (left hemisphere) | Instance 3
p27101_i3	Area of BA1 (right hemisphere) | Instance 3
p27060_i3	Area of BA2 (left hemisphere) | Instance 3
p27102_i3	Area of BA2 (right hemisphere) | Instance 3
p27061_i3	Area of BA3a (left hemisphere) | Instance 3
p27103_i3	Area of BA3a (right hemisphere) | Instance 3
p27062_i3	Area of BA3b (left hemisphere) | Instance 3
p27104_i3	Area of BA3b (right hemisphere) | Instance 3
p27066_i3	Area of BA44 (left hemisphere) | Instance 3
p27108_i3	Area of BA44 (right hemisphere) | Instance 3
p27067_i3	Area of BA45 (left hemisphere) | Instance 3
p27109_i3	Area of BA45 (right hemisphere) | Instance 3
p27063_i3	Area of BA4a (left hemisphere) | Instance 3
p27105_i3	Area of BA4a (right hemisphere) | Instance 3
p27064_i3	Area of BA4p (left hemisphere) | Instance 3
p27106_i3	Area of BA4p (right hemisphere) | Instance 3
p27065_i3	Area of BA6 (left hemisphere) | Instance 3
p27107_i3	Area of BA6 (right hemisphere) | Instance 3
p27070_i3	Area of MT (left hemisphere) | Instance 3
p27112_i3	Area of MT (right hemisphere) | Instance 3
p27068_i3	Area of V1 (left hemisphere) | Instance 3
p27110_i3	Area of V1 (right hemisphere) | Instance 3
p27069_i3	Area of V2 (left hemisphere) | Instance 3
p27111_i3	Area of V2 (right hemisphere) | Instance 3
p27072_i3	Area of entorhinal (left hemisphere) | Instance 3
p27114_i3	Area of entorhinal (right hemisphere) | Instance 3
p27071_i3	Area of perirhinal (left hemisphere) | Instance 3
p27113_i3	Area of perirhinal (right hemisphere) | Instance 3
p27073_i3	Mean thickness of BA1 (left hemisphere) | Instance 3
p27115_i3	Mean thickness of BA1 (right hemisphere) | Instance 3
p27074_i3	Mean thickness of BA2 (left hemisphere) | Instance 3
p27116_i3	Mean thickness of BA2 (right hemisphere) | Instance 3
p27075_i3	Mean thickness of BA3a (left hemisphere) | Instance 3
p27117_i3	Mean thickness of BA3a (right hemisphere) | Instance 3
p27076_i3	Mean thickness of BA3b (left hemisphere) | Instance 3
p27118_i3	Mean thickness of BA3b (right hemisphere) | Instance 3
p27080_i3	Mean thickness of BA44 (left hemisphere) | Instance 3
p27122_i3	Mean thickness of BA44 (right hemisphere) | Instance 3
p27081_i3	Mean thickness of BA45 (left hemisphere) | Instance 3
p27123_i3	Mean thickness of BA45 (right hemisphere) | Instance 3
p27077_i3	Mean thickness of BA4a (left hemisphere) | Instance 3
p27119_i3	Mean thickness of BA4a (right hemisphere) | Instance 3
p27078_i3	Mean thickness of BA4p (left hemisphere) | Instance 3
p27120_i3	Mean thickness of BA4p (right hemisphere) | Instance 3
p27079_i3	Mean thickness of BA6 (left hemisphere) | Instance 3
p27121_i3	Mean thickness of BA6 (right hemisphere) | Instance 3
p27084_i3	Mean thickness of MT (left hemisphere) | Instance 3
p27126_i3	Mean thickness of MT (right hemisphere) | Instance 3
p27082_i3	Mean thickness of V1 (left hemisphere) | Instance 3
p27124_i3	Mean thickness of V1 (right hemisphere) | Instance 3
p27083_i3	Mean thickness of V2 (left hemisphere) | Instance 3
p27125_i3	Mean thickness of V2 (right hemisphere) | Instance 3
p27086_i3	Mean thickness of entorhinal (left hemisphere) | Instance 3
p27128_i3	Mean thickness of entorhinal (right hemisphere) | Instance 3
p27085_i3	Mean thickness of perirhinal (left hemisphere) | Instance 3
p27127_i3	Mean thickness of perirhinal (right hemisphere) | Instance 3
p27087_i3	Volume of BA1 (left hemisphere) | Instance 3
p27129_i3	Volume of BA1 (right hemisphere) | Instance 3
p27088_i3	Volume of BA2 (left hemisphere) | Instance 3
p27130_i3	Volume of BA2 (right hemisphere) | Instance 3
p27089_i3	Volume of BA3a (left hemisphere) | Instance 3
p27131_i3	Volume of BA3a (right hemisphere) | Instance 3
p27090_i3	Volume of BA3b (left hemisphere) | Instance 3
p27132_i3	Volume of BA3b (right hemisphere) | Instance 3
p27094_i3	Volume of BA44 (left hemisphere) | Instance 3
p27136_i3	Volume of BA44 (right hemisphere) | Instance 3
p27095_i3	Volume of BA45 (left hemisphere) | Instance 3
p27137_i3	Volume of BA45 (right hemisphere) | Instance 3
p27091_i3	Volume of BA4a (left hemisphere) | Instance 3
p27133_i3	Volume of BA4a (right hemisphere) | Instance 3
p27092_i3	Volume of BA4p (left hemisphere) | Instance 3
p27134_i3	Volume of BA4p (right hemisphere) | Instance 3
p27093_i3	Volume of BA6 (left hemisphere) | Instance 3
p27135_i3	Volume of BA6 (right hemisphere) | Instance 3
p27098_i3	Volume of MT (left hemisphere) | Instance 3
p27140_i3	Volume of MT (right hemisphere) | Instance 3
p27096_i3	Volume of V1 (left hemisphere) | Instance 3
p27138_i3	Volume of V1 (right hemisphere) | Instance 3
p27097_i3	Volume of V2 (left hemisphere) | Instance 3
p27139_i3	Volume of V2 (right hemisphere) | Instance 3
p27100_i3	Volume of entorhinal (left hemisphere) | Instance 3
p27142_i3	Volume of entorhinal (right hemisphere) | Instance 3
p27099_i3	Volume of perirhinal (left hemisphere) | Instance 3
p27141_i3	Volume of perirhinal (right hemisphere) | Instance 3
p27334_i3	Area of G+S-cingul-Ant (left hemisphere) | Instance 3
p27556_i3	Area of G+S-cingul-Ant (right hemisphere) | Instance 3
p27335_i3	Area of G+S-cingul-Mid-Ant (left hemisphere) | Instance 3
p27557_i3	Area of G+S-cingul-Mid-Ant (right hemisphere) | Instance 3
p27336_i3	Area of G+S-cingul-Mid-Post (left hemisphere) | Instance 3
p27558_i3	Area of G+S-cingul-Mid-Post (right hemisphere) | Instance 3
p27329_i3	Area of G+S-frontomargin (left hemisphere) | Instance 3
p27551_i3	Area of G+S-frontomargin (right hemisphere) | Instance 3
p27330_i3	Area of G+S-occipital-inf (left hemisphere) | Instance 3
p27552_i3	Area of G+S-occipital-inf (right hemisphere) | Instance 3
p27331_i3	Area of G+S-paracentral (left hemisphere) | Instance 3
p27553_i3	Area of G+S-paracentral (right hemisphere) | Instance 3
p27332_i3	Area of G+S-subcentral (left hemisphere) | Instance 3
p27554_i3	Area of G+S-subcentral (right hemisphere) | Instance 3
p27333_i3	Area of G+S-transv-frontopol (left hemisphere) | Instance 3
p27555_i3	Area of G+S-transv-frontopol (right hemisphere) | Instance 3
p27345_i3	Area of G-Ins-lg+S-cent-ins (left hemisphere) | Instance 3
p27567_i3	Area of G-Ins-lg+S-cent-ins (right hemisphere) | Instance 3
p27337_i3	Area of G-cingul-Post-dorsal (left hemisphere) | Instance 3
p27559_i3	Area of G-cingul-Post-dorsal (right hemisphere) | Instance 3
p27338_i3	Area of G-cingul-Post-ventral (left hemisphere) | Instance 3
p27560_i3	Area of G-cingul-Post-ventral (right hemisphere) | Instance 3
p27339_i3	Area of G-cuneus (left hemisphere) | Instance 3
p27561_i3	Area of G-cuneus (right hemisphere) | Instance 3
p27340_i3	Area of G-front-inf-Opercular (left hemisphere) | Instance 3
p27562_i3	Area of G-front-inf-Opercular (right hemisphere) | Instance 3
p27341_i3	Area of G-front-inf-Orbital (left hemisphere) | Instance 3
p27563_i3	Area of G-front-inf-Orbital (right hemisphere) | Instance 3
p27342_i3	Area of G-front-inf-Triangul (left hemisphere) | Instance 3
p27564_i3	Area of G-front-inf-Triangul (right hemisphere) | Instance 3
p27343_i3	Area of G-front-middle (left hemisphere) | Instance 3
p27565_i3	Area of G-front-middle (right hemisphere) | Instance 3
p27344_i3	Area of G-front-sup (left hemisphere) | Instance 3
p27566_i3	Area of G-front-sup (right hemisphere) | Instance 3
p27346_i3	Area of G-insular-short (left hemisphere) | Instance 3
p27568_i3	Area of G-insular-short (right hemisphere) | Instance 3
p27349_i3	Area of G-oc-temp-lat-fusifor (left hemisphere) | Instance 3
p27571_i3	Area of G-oc-temp-lat-fusifor (right hemisphere) | Instance 3
p27350_i3	Area of G-oc-temp-med-Lingual (left hemisphere) | Instance 3
p27572_i3	Area of G-oc-temp-med-Lingual (right hemisphere) | Instance 3
p27351_i3	Area of G-oc-temp-med-Parahip (left hemisphere) | Instance 3
p27573_i3	Area of G-oc-temp-med-Parahip (right hemisphere) | Instance 3
p27347_i3	Area of G-occipital-middle (left hemisphere) | Instance 3
p27569_i3	Area of G-occipital-middle (right hemisphere) | Instance 3
p27348_i3	Area of G-occipital-sup (left hemisphere) | Instance 3
p27570_i3	Area of G-occipital-sup (right hemisphere) | Instance 3
p27352_i3	Area of G-orbital (left hemisphere) | Instance 3
p27574_i3	Area of G-orbital (right hemisphere) | Instance 3
p27353_i3	Area of G-pariet-inf-Angular (left hemisphere) | Instance 3
p27575_i3	Area of G-pariet-inf-Angular (right hemisphere) | Instance 3
p27354_i3	Area of G-pariet-inf-Supramar (left hemisphere) | Instance 3
p27576_i3	Area of G-pariet-inf-Supramar (right hemisphere) | Instance 3
p27355_i3	Area of G-parietal-sup (left hemisphere) | Instance 3
p27577_i3	Area of G-parietal-sup (right hemisphere) | Instance 3
p27356_i3	Area of G-postcentral (left hemisphere) | Instance 3
p27578_i3	Area of G-postcentral (right hemisphere) | Instance 3
p27357_i3	Area of G-precentral (left hemisphere) | Instance 3
p27579_i3	Area of G-precentral (right hemisphere) | Instance 3
p27358_i3	Area of G-precuneus (left hemisphere) | Instance 3
p27580_i3	Area of G-precuneus (right hemisphere) | Instance 3
p27359_i3	Area of G-rectus (left hemisphere) | Instance 3
p27581_i3	Area of G-rectus (right hemisphere) | Instance 3
p27360_i3	Area of G-subcallosal (left hemisphere) | Instance 3
p27582_i3	Area of G-subcallosal (right hemisphere) | Instance 3
p27361_i3	Area of G-temp-sup-G-T-transv (left hemisphere) | Instance 3
p27583_i3	Area of G-temp-sup-G-T-transv (right hemisphere) | Instance 3
p27362_i3	Area of G-temp-sup-Lateral (left hemisphere) | Instance 3
p27584_i3	Area of G-temp-sup-Lateral (right hemisphere) | Instance 3
p27363_i3	Area of G-temp-sup-Plan-polar (left hemisphere) | Instance 3
p27585_i3	Area of G-temp-sup-Plan-polar (right hemisphere) | Instance 3
p27364_i3	Area of G-temp-sup-Plan-tempo (left hemisphere) | Instance 3
p27586_i3	Area of G-temp-sup-Plan-tempo (right hemisphere) | Instance 3
p27365_i3	Area of G-temporal-inf (left hemisphere) | Instance 3
p27587_i3	Area of G-temporal-inf (right hemisphere) | Instance 3
p27366_i3	Area of G-temporal-middle (left hemisphere) | Instance 3
p27588_i3	Area of G-temporal-middle (right hemisphere) | Instance 3
p27367_i3	Area of Lat-Fis-ant-Horizont (left hemisphere) | Instance 3
p27589_i3	Area of Lat-Fis-ant-Horizont (right hemisphere) | Instance 3
p27368_i3	Area of Lat-Fis-ant-Vertical (left hemisphere) | Instance 3
p27590_i3	Area of Lat-Fis-ant-Vertical (right hemisphere) | Instance 3
p27369_i3	Area of Lat-Fis-post (left hemisphere) | Instance 3
p27591_i3	Area of Lat-Fis-post (right hemisphere) | Instance 3
p27370_i3	Area of Pole-occipital (left hemisphere) | Instance 3
p27592_i3	Area of Pole-occipital (right hemisphere) | Instance 3
p27371_i3	Area of Pole-temporal (left hemisphere) | Instance 3
p27593_i3	Area of Pole-temporal (right hemisphere) | Instance 3
p27372_i3	Area of S-calcarine (left hemisphere) | Instance 3
p27594_i3	Area of S-calcarine (right hemisphere) | Instance 3
p27373_i3	Area of S-central (left hemisphere) | Instance 3
p27595_i3	Area of S-central (right hemisphere) | Instance 3
p27374_i3	Area of S-cingul-Marginalis (left hemisphere) | Instance 3
p27596_i3	Area of S-cingul-Marginalis (right hemisphere) | Instance 3
p27375_i3	Area of S-circular-insula-ant (left hemisphere) | Instance 3
p27597_i3	Area of S-circular-insula-ant (right hemisphere) | Instance 3
p27376_i3	Area of S-circular-insula-inf (left hemisphere) | Instance 3
p27598_i3	Area of S-circular-insula-inf (right hemisphere) | Instance 3
p27377_i3	Area of S-circular-insula-sup (left hemisphere) | Instance 3
p27599_i3	Area of S-circular-insula-sup (right hemisphere) | Instance 3
p27378_i3	Area of S-collat-transv-ant (left hemisphere) | Instance 3
p27600_i3	Area of S-collat-transv-ant (right hemisphere) | Instance 3
p27379_i3	Area of S-collat-transv-post (left hemisphere) | Instance 3
p27601_i3	Area of S-collat-transv-post (right hemisphere) | Instance 3
p27380_i3	Area of S-front-inf (left hemisphere) | Instance 3
p27602_i3	Area of S-front-inf (right hemisphere) | Instance 3
p27381_i3	Area of S-front-middle (left hemisphere) | Instance 3
p27603_i3	Area of S-front-middle (right hemisphere) | Instance 3
p27382_i3	Area of S-front-sup (left hemisphere) | Instance 3
p27604_i3	Area of S-front-sup (right hemisphere) | Instance 3
p27383_i3	Area of S-interm-prim-Jensen (left hemisphere) | Instance 3
p27605_i3	Area of S-interm-prim-Jensen (right hemisphere) | Instance 3
p27384_i3	Area of S-intrapariet+P-trans (left hemisphere) | Instance 3
p27606_i3	Area of S-intrapariet+P-trans (right hemisphere) | Instance 3
p27385_i3	Area of S-oc-middle+Lunatus (left hemisphere) | Instance 3
p27607_i3	Area of S-oc-middle+Lunatus (right hemisphere) | Instance 3
p27386_i3	Area of S-oc-sup+transversal (left hemisphere) | Instance 3
p27608_i3	Area of S-oc-sup+transversal (right hemisphere) | Instance 3
p27388_i3	Area of S-oc-temp-lat (left hemisphere) | Instance 3
p27610_i3	Area of S-oc-temp-lat (right hemisphere) | Instance 3
p27389_i3	Area of S-oc-temp-med+Lingual (left hemisphere) | Instance 3
p27611_i3	Area of S-oc-temp-med+Lingual (right hemisphere) | Instance 3
p27387_i3	Area of S-occipital-ant (left hemisphere) | Instance 3
p27609_i3	Area of S-occipital-ant (right hemisphere) | Instance 3
p27392_i3	Area of S-orbital-H-Shaped (left hemisphere) | Instance 3
p27614_i3	Area of S-orbital-H-Shaped (right hemisphere) | Instance 3
p27390_i3	Area of S-orbital-lateral (left hemisphere) | Instance 3
p27612_i3	Area of S-orbital-lateral (right hemisphere) | Instance 3
p27391_i3	Area of S-orbital-med-olfact (left hemisphere) | Instance 3
p27613_i3	Area of S-orbital-med-olfact (right hemisphere) | Instance 3
p27393_i3	Area of S-parieto-occipital (left hemisphere) | Instance 3
p27615_i3	Area of S-parieto-occipital (right hemisphere) | Instance 3
p27394_i3	Area of S-pericallosal (left hemisphere) | Instance 3
p27616_i3	Area of S-pericallosal (right hemisphere) | Instance 3
p27395_i3	Area of S-postcentral (left hemisphere) | Instance 3
p27617_i3	Area of S-postcentral (right hemisphere) | Instance 3
p27396_i3	Area of S-precentral-inf-part (left hemisphere) | Instance 3
p27618_i3	Area of S-precentral-inf-part (right hemisphere) | Instance 3
p27397_i3	Area of S-precentral-sup-part (left hemisphere) | Instance 3
p27619_i3	Area of S-precentral-sup-part (right hemisphere) | Instance 3
p27398_i3	Area of S-suborbital (left hemisphere) | Instance 3
p27620_i3	Area of S-suborbital (right hemisphere) | Instance 3
p27399_i3	Area of S-subparietal (left hemisphere) | Instance 3
p27621_i3	Area of S-subparietal (right hemisphere) | Instance 3
p27400_i3	Area of S-temporal-inf (left hemisphere) | Instance 3
p27622_i3	Area of S-temporal-inf (right hemisphere) | Instance 3
p27401_i3	Area of S-temporal-sup (left hemisphere) | Instance 3
p27623_i3	Area of S-temporal-sup (right hemisphere) | Instance 3
p27402_i3	Area of S-temporal-transverse (left hemisphere) | Instance 3
p27624_i3	Area of S-temporal-transverse (right hemisphere) | Instance 3
p27408_i3	Mean thickness of G+S-cingul-Ant (left hemisphere) | Instance 3
p27630_i3	Mean thickness of G+S-cingul-Ant (right hemisphere) | Instance 3
p27409_i3	Mean thickness of G+S-cingul-Mid-Ant (left hemisphere) | Instance 3
p27631_i3	Mean thickness of G+S-cingul-Mid-Ant (right hemisphere) | Instance 3
p27410_i3	Mean thickness of G+S-cingul-Mid-Post (left hemisphere) | Instance 3
p27632_i3	Mean thickness of G+S-cingul-Mid-Post (right hemisphere) | Instance 3
p27403_i3	Mean thickness of G+S-frontomargin (left hemisphere) | Instance 3
p27625_i3	Mean thickness of G+S-frontomargin (right hemisphere) | Instance 3
p27404_i3	Mean thickness of G+S-occipital-inf (left hemisphere) | Instance 3
p27626_i3	Mean thickness of G+S-occipital-inf (right hemisphere) | Instance 3
p27405_i3	Mean thickness of G+S-paracentral (left hemisphere) | Instance 3
p27627_i3	Mean thickness of G+S-paracentral (right hemisphere) | Instance 3
p27406_i3	Mean thickness of G+S-subcentral (left hemisphere) | Instance 3
p27628_i3	Mean thickness of G+S-subcentral (right hemisphere) | Instance 3
p27407_i3	Mean thickness of G+S-transv-frontopol (left hemisphere) | Instance 3
p27629_i3	Mean thickness of G+S-transv-frontopol (right hemisphere) | Instance 3
p27419_i3	Mean thickness of G-Ins-lg+S-cent-ins (left hemisphere) | Instance 3
p27641_i3	Mean thickness of G-Ins-lg+S-cent-ins (right hemisphere) | Instance 3
p27411_i3	Mean thickness of G-cingul-Post-dorsal (left hemisphere) | Instance 3
p27633_i3	Mean thickness of G-cingul-Post-dorsal (right hemisphere) | Instance 3
p27412_i3	Mean thickness of G-cingul-Post-ventral (left hemisphere) | Instance 3
p27634_i3	Mean thickness of G-cingul-Post-ventral (right hemisphere) | Instance 3
p27413_i3	Mean thickness of G-cuneus (left hemisphere) | Instance 3
p27635_i3	Mean thickness of G-cuneus (right hemisphere) | Instance 3
p27414_i3	Mean thickness of G-front-inf-Opercular (left hemisphere) | Instance 3
p27636_i3	Mean thickness of G-front-inf-Opercular (right hemisphere) | Instance 3
p27415_i3	Mean thickness of G-front-inf-Orbital (left hemisphere) | Instance 3
p27637_i3	Mean thickness of G-front-inf-Orbital (right hemisphere) | Instance 3
p27416_i3	Mean thickness of G-front-inf-Triangul (left hemisphere) | Instance 3
p27638_i3	Mean thickness of G-front-inf-Triangul (right hemisphere) | Instance 3
p27417_i3	Mean thickness of G-front-middle (left hemisphere) | Instance 3
p27639_i3	Mean thickness of G-front-middle (right hemisphere) | Instance 3
p27418_i3	Mean thickness of G-front-sup (left hemisphere) | Instance 3
p27640_i3	Mean thickness of G-front-sup (right hemisphere) | Instance 3
p27420_i3	Mean thickness of G-insular-short (left hemisphere) | Instance 3
p27642_i3	Mean thickness of G-insular-short (right hemisphere) | Instance 3
p27423_i3	Mean thickness of G-oc-temp-lat-fusifor (left hemisphere) | Instance 3
p27645_i3	Mean thickness of G-oc-temp-lat-fusifor (right hemisphere) | Instance 3
p27424_i3	Mean thickness of G-oc-temp-med-Lingual (left hemisphere) | Instance 3
p27646_i3	Mean thickness of G-oc-temp-med-Lingual (right hemisphere) | Instance 3
p27425_i3	Mean thickness of G-oc-temp-med-Parahip (left hemisphere) | Instance 3
p27647_i3	Mean thickness of G-oc-temp-med-Parahip (right hemisphere) | Instance 3
p27421_i3	Mean thickness of G-occipital-middle (left hemisphere) | Instance 3
p27643_i3	Mean thickness of G-occipital-middle (right hemisphere) | Instance 3
p27422_i3	Mean thickness of G-occipital-sup (left hemisphere) | Instance 3
p27644_i3	Mean thickness of G-occipital-sup (right hemisphere) | Instance 3
p27426_i3	Mean thickness of G-orbital (left hemisphere) | Instance 3
p27648_i3	Mean thickness of G-orbital (right hemisphere) | Instance 3
p27427_i3	Mean thickness of G-pariet-inf-Angular (left hemisphere) | Instance 3
p27649_i3	Mean thickness of G-pariet-inf-Angular (right hemisphere) | Instance 3
p27428_i3	Mean thickness of G-pariet-inf-Supramar (left hemisphere) | Instance 3
p27650_i3	Mean thickness of G-pariet-inf-Supramar (right hemisphere) | Instance 3
p27429_i3	Mean thickness of G-parietal-sup (left hemisphere) | Instance 3
p27651_i3	Mean thickness of G-parietal-sup (right hemisphere) | Instance 3
p27430_i3	Mean thickness of G-postcentral (left hemisphere) | Instance 3
p27652_i3	Mean thickness of G-postcentral (right hemisphere) | Instance 3
p27431_i3	Mean thickness of G-precentral (left hemisphere) | Instance 3
p27653_i3	Mean thickness of G-precentral (right hemisphere) | Instance 3
p27432_i3	Mean thickness of G-precuneus (left hemisphere) | Instance 3
p27654_i3	Mean thickness of G-precuneus (right hemisphere) | Instance 3
p27433_i3	Mean thickness of G-rectus (left hemisphere) | Instance 3
p27655_i3	Mean thickness of G-rectus (right hemisphere) | Instance 3
p27434_i3	Mean thickness of G-subcallosal (left hemisphere) | Instance 3
p27656_i3	Mean thickness of G-subcallosal (right hemisphere) | Instance 3
p27435_i3	Mean thickness of G-temp-sup-G-T-transv (left hemisphere) | Instance 3
p27657_i3	Mean thickness of G-temp-sup-G-T-transv (right hemisphere) | Instance 3
p27436_i3	Mean thickness of G-temp-sup-Lateral (left hemisphere) | Instance 3
p27658_i3	Mean thickness of G-temp-sup-Lateral (right hemisphere) | Instance 3
p27437_i3	Mean thickness of G-temp-sup-Plan-polar (left hemisphere) | Instance 3
p27659_i3	Mean thickness of G-temp-sup-Plan-polar (right hemisphere) | Instance 3
p27438_i3	Mean thickness of G-temp-sup-Plan-tempo (left hemisphere) | Instance 3
p27660_i3	Mean thickness of G-temp-sup-Plan-tempo (right hemisphere) | Instance 3
p27439_i3	Mean thickness of G-temporal-inf (left hemisphere) | Instance 3
p27661_i3	Mean thickness of G-temporal-inf (right hemisphere) | Instance 3
p27440_i3	Mean thickness of G-temporal-middle (left hemisphere) | Instance 3
p27662_i3	Mean thickness of G-temporal-middle (right hemisphere) | Instance 3
p27441_i3	Mean thickness of Lat-Fis-ant-Horizont (left hemisphere) | Instance 3
p27663_i3	Mean thickness of Lat-Fis-ant-Horizont (right hemisphere) | Instance 3
p27442_i3	Mean thickness of Lat-Fis-ant-Vertical (left hemisphere) | Instance 3
p27664_i3	Mean thickness of Lat-Fis-ant-Vertical (right hemisphere) | Instance 3
p27443_i3	Mean thickness of Lat-Fis-post (left hemisphere) | Instance 3
p27665_i3	Mean thickness of Lat-Fis-post (right hemisphere) | Instance 3
p27444_i3	Mean thickness of Pole-occipital (left hemisphere) | Instance 3
p27666_i3	Mean thickness of Pole-occipital (right hemisphere) | Instance 3
p27445_i3	Mean thickness of Pole-temporal (left hemisphere) | Instance 3
p27667_i3	Mean thickness of Pole-temporal (right hemisphere) | Instance 3
p27446_i3	Mean thickness of S-calcarine (left hemisphere) | Instance 3
p27668_i3	Mean thickness of S-calcarine (right hemisphere) | Instance 3
p27447_i3	Mean thickness of S-central (left hemisphere) | Instance 3
p27669_i3	Mean thickness of S-central (right hemisphere) | Instance 3
p27448_i3	Mean thickness of S-cingul-Marginalis (left hemisphere) | Instance 3
p27670_i3	Mean thickness of S-cingul-Marginalis (right hemisphere) | Instance 3
p27449_i3	Mean thickness of S-circular-insula-ant (left hemisphere) | Instance 3
p27671_i3	Mean thickness of S-circular-insula-ant (right hemisphere) | Instance 3
p27450_i3	Mean thickness of S-circular-insula-inf (left hemisphere) | Instance 3
p27672_i3	Mean thickness of S-circular-insula-inf (right hemisphere) | Instance 3
p27451_i3	Mean thickness of S-circular-insula-sup (left hemisphere) | Instance 3
p27673_i3	Mean thickness of S-circular-insula-sup (right hemisphere) | Instance 3
p27452_i3	Mean thickness of S-collat-transv-ant (left hemisphere) | Instance 3
p27674_i3	Mean thickness of S-collat-transv-ant (right hemisphere) | Instance 3
p27453_i3	Mean thickness of S-collat-transv-post (left hemisphere) | Instance 3
p27675_i3	Mean thickness of S-collat-transv-post (right hemisphere) | Instance 3
p27454_i3	Mean thickness of S-front-inf (left hemisphere) | Instance 3
p27676_i3	Mean thickness of S-front-inf (right hemisphere) | Instance 3
p27455_i3	Mean thickness of S-front-middle (left hemisphere) | Instance 3
p27677_i3	Mean thickness of S-front-middle (right hemisphere) | Instance 3
p27456_i3	Mean thickness of S-front-sup (left hemisphere) | Instance 3
p27678_i3	Mean thickness of S-front-sup (right hemisphere) | Instance 3
p27457_i3	Mean thickness of S-interm-prim-Jensen (left hemisphere) | Instance 3
p27679_i3	Mean thickness of S-interm-prim-Jensen (right hemisphere) | Instance 3
p27458_i3	Mean thickness of S-intrapariet+P-trans (left hemisphere) | Instance 3
p27680_i3	Mean thickness of S-intrapariet+P-trans (right hemisphere) | Instance 3
p27459_i3	Mean thickness of S-oc-middle+Lunatus (left hemisphere) | Instance 3
p27681_i3	Mean thickness of S-oc-middle+Lunatus (right hemisphere) | Instance 3
p27460_i3	Mean thickness of S-oc-sup+transversal (left hemisphere) | Instance 3
p27682_i3	Mean thickness of S-oc-sup+transversal (right hemisphere) | Instance 3
p27462_i3	Mean thickness of S-oc-temp-lat (left hemisphere) | Instance 3
p27684_i3	Mean thickness of S-oc-temp-lat (right hemisphere) | Instance 3
p27463_i3	Mean thickness of S-oc-temp-med+Lingual (left hemisphere) | Instance 3
p27685_i3	Mean thickness of S-oc-temp-med+Lingual (right hemisphere) | Instance 3
p27461_i3	Mean thickness of S-occipital-ant (left hemisphere) | Instance 3
p27683_i3	Mean thickness of S-occipital-ant (right hemisphere) | Instance 3
p27466_i3	Mean thickness of S-orbital-H-Shaped (left hemisphere) | Instance 3
p27688_i3	Mean thickness of S-orbital-H-Shaped (right hemisphere) | Instance 3
p27464_i3	Mean thickness of S-orbital-lateral (left hemisphere) | Instance 3
p27686_i3	Mean thickness of S-orbital-lateral (right hemisphere) | Instance 3
p27465_i3	Mean thickness of S-orbital-med-olfact (left hemisphere) | Instance 3
p27687_i3	Mean thickness of S-orbital-med-olfact (right hemisphere) | Instance 3
p27467_i3	Mean thickness of S-parieto-occipital (left hemisphere) | Instance 3
p27689_i3	Mean thickness of S-parieto-occipital (right hemisphere) | Instance 3
p27468_i3	Mean thickness of S-pericallosal (left hemisphere) | Instance 3
p27690_i3	Mean thickness of S-pericallosal (right hemisphere) | Instance 3
p27469_i3	Mean thickness of S-postcentral (left hemisphere) | Instance 3
p27691_i3	Mean thickness of S-postcentral (right hemisphere) | Instance 3
p27470_i3	Mean thickness of S-precentral-inf-part (left hemisphere) | Instance 3
p27692_i3	Mean thickness of S-precentral-inf-part (right hemisphere) | Instance 3
p27471_i3	Mean thickness of S-precentral-sup-part (left hemisphere) | Instance 3
p27693_i3	Mean thickness of S-precentral-sup-part (right hemisphere) | Instance 3
p27472_i3	Mean thickness of S-suborbital (left hemisphere) | Instance 3
p27694_i3	Mean thickness of S-suborbital (right hemisphere) | Instance 3
p27473_i3	Mean thickness of S-subparietal (left hemisphere) | Instance 3
p27695_i3	Mean thickness of S-subparietal (right hemisphere) | Instance 3
p27474_i3	Mean thickness of S-temporal-inf (left hemisphere) | Instance 3
p27696_i3	Mean thickness of S-temporal-inf (right hemisphere) | Instance 3
p27475_i3	Mean thickness of S-temporal-sup (left hemisphere) | Instance 3
p27697_i3	Mean thickness of S-temporal-sup (right hemisphere) | Instance 3
p27476_i3	Mean thickness of S-temporal-transverse (left hemisphere) | Instance 3
p27698_i3	Mean thickness of S-temporal-transverse (right hemisphere) | Instance 3
p27482_i3	Volume of G+S-cingul-Ant (left hemisphere) | Instance 3
p27704_i3	Volume of G+S-cingul-Ant (right hemisphere) | Instance 3
p27483_i3	Volume of G+S-cingul-Mid-Ant (left hemisphere) | Instance 3
p27705_i3	Volume of G+S-cingul-Mid-Ant (right hemisphere) | Instance 3
p27484_i3	Volume of G+S-cingul-Mid-Post (left hemisphere) | Instance 3
p27706_i3	Volume of G+S-cingul-Mid-Post (right hemisphere) | Instance 3
p27477_i3	Volume of G+S-frontomargin (left hemisphere) | Instance 3
p27699_i3	Volume of G+S-frontomargin (right hemisphere) | Instance 3
p27478_i3	Volume of G+S-occipital-inf (left hemisphere) | Instance 3
p27700_i3	Volume of G+S-occipital-inf (right hemisphere) | Instance 3
p27479_i3	Volume of G+S-paracentral (left hemisphere) | Instance 3
p27701_i3	Volume of G+S-paracentral (right hemisphere) | Instance 3
p27480_i3	Volume of G+S-subcentral (left hemisphere) | Instance 3
p27702_i3	Volume of G+S-subcentral (right hemisphere) | Instance 3
p27481_i3	Volume of G+S-transv-frontopol (left hemisphere) | Instance 3
p27703_i3	Volume of G+S-transv-frontopol (right hemisphere) | Instance 3
p27493_i3	Volume of G-Ins-lg+S-cent-ins (left hemisphere) | Instance 3
p27715_i3	Volume of G-Ins-lg+S-cent-ins (right hemisphere) | Instance 3
p27485_i3	Volume of G-cingul-Post-dorsal (left hemisphere) | Instance 3
p27707_i3	Volume of G-cingul-Post-dorsal (right hemisphere) | Instance 3
p27486_i3	Volume of G-cingul-Post-ventral (left hemisphere) | Instance 3
p27708_i3	Volume of G-cingul-Post-ventral (right hemisphere) | Instance 3
p27487_i3	Volume of G-cuneus (left hemisphere) | Instance 3
p27709_i3	Volume of G-cuneus (right hemisphere) | Instance 3
p27488_i3	Volume of G-front-inf-Opercular (left hemisphere) | Instance 3
p27710_i3	Volume of G-front-inf-Opercular (right hemisphere) | Instance 3
p27489_i3	Volume of G-front-inf-Orbital (left hemisphere) | Instance 3
p27711_i3	Volume of G-front-inf-Orbital (right hemisphere) | Instance 3
p27490_i3	Volume of G-front-inf-Triangul (left hemisphere) | Instance 3
p27712_i3	Volume of G-front-inf-Triangul (right hemisphere) | Instance 3
p27491_i3	Volume of G-front-middle (left hemisphere) | Instance 3
p27713_i3	Volume of G-front-middle (right hemisphere) | Instance 3
p27492_i3	Volume of G-front-sup (left hemisphere) | Instance 3
p27714_i3	Volume of G-front-sup (right hemisphere) | Instance 3
p27494_i3	Volume of G-insular-short (left hemisphere) | Instance 3
p27716_i3	Volume of G-insular-short (right hemisphere) | Instance 3
p27497_i3	Volume of G-oc-temp-lat-fusifor (left hemisphere) | Instance 3
p27719_i3	Volume of G-oc-temp-lat-fusifor (right hemisphere) | Instance 3
p27498_i3	Volume of G-oc-temp-med-Lingual (left hemisphere) | Instance 3
p27720_i3	Volume of G-oc-temp-med-Lingual (right hemisphere) | Instance 3
p27499_i3	Volume of G-oc-temp-med-Parahip (left hemisphere) | Instance 3
p27721_i3	Volume of G-oc-temp-med-Parahip (right hemisphere) | Instance 3
p27495_i3	Volume of G-occipital-middle (left hemisphere) | Instance 3
p27717_i3	Volume of G-occipital-middle (right hemisphere) | Instance 3
p27496_i3	Volume of G-occipital-sup (left hemisphere) | Instance 3
p27718_i3	Volume of G-occipital-sup (right hemisphere) | Instance 3
p27500_i3	Volume of G-orbital (left hemisphere) | Instance 3
p27722_i3	Volume of G-orbital (right hemisphere) | Instance 3
p27501_i3	Volume of G-pariet-inf-Angular (left hemisphere) | Instance 3
p27723_i3	Volume of G-pariet-inf-Angular (right hemisphere) | Instance 3
p27502_i3	Volume of G-pariet-inf-Supramar (left hemisphere) | Instance 3
p27724_i3	Volume of G-pariet-inf-Supramar (right hemisphere) | Instance 3
p27503_i3	Volume of G-parietal-sup (left hemisphere) | Instance 3
p27725_i3	Volume of G-parietal-sup (right hemisphere) | Instance 3
p27504_i3	Volume of G-postcentral (left hemisphere) | Instance 3
p27726_i3	Volume of G-postcentral (right hemisphere) | Instance 3
p27505_i3	Volume of G-precentral (left hemisphere) | Instance 3
p27727_i3	Volume of G-precentral (right hemisphere) | Instance 3
p27506_i3	Volume of G-precuneus (left hemisphere) | Instance 3
p27728_i3	Volume of G-precuneus (right hemisphere) | Instance 3
p27507_i3	Volume of G-rectus (left hemisphere) | Instance 3
p27729_i3	Volume of G-rectus (right hemisphere) | Instance 3
p27508_i3	Volume of G-subcallosal (left hemisphere) | Instance 3
p27730_i3	Volume of G-subcallosal (right hemisphere) | Instance 3
p27509_i3	Volume of G-temp-sup-G-T-transv (left hemisphere) | Instance 3
p27731_i3	Volume of G-temp-sup-G-T-transv (right hemisphere) | Instance 3
p27510_i3	Volume of G-temp-sup-Lateral (left hemisphere) | Instance 3
p27732_i3	Volume of G-temp-sup-Lateral (right hemisphere) | Instance 3
p27511_i3	Volume of G-temp-sup-Plan-polar (left hemisphere) | Instance 3
p27733_i3	Volume of G-temp-sup-Plan-polar (right hemisphere) | Instance 3
p27512_i3	Volume of G-temp-sup-Plan-tempo (left hemisphere) | Instance 3
p27734_i3	Volume of G-temp-sup-Plan-tempo (right hemisphere) | Instance 3
p27513_i3	Volume of G-temporal-inf (left hemisphere) | Instance 3
p27735_i3	Volume of G-temporal-inf (right hemisphere) | Instance 3
p27514_i3	Volume of G-temporal-middle (left hemisphere) | Instance 3
p27736_i3	Volume of G-temporal-middle (right hemisphere) | Instance 3
p27515_i3	Volume of Lat-Fis-ant-Horizont (left hemisphere) | Instance 3
p27737_i3	Volume of Lat-Fis-ant-Horizont (right hemisphere) | Instance 3
p27516_i3	Volume of Lat-Fis-ant-Vertical (left hemisphere) | Instance 3
p27738_i3	Volume of Lat-Fis-ant-Vertical (right hemisphere) | Instance 3
p27517_i3	Volume of Lat-Fis-post (left hemisphere) | Instance 3
p27739_i3	Volume of Lat-Fis-post (right hemisphere) | Instance 3
p27518_i3	Volume of Pole-occipital (left hemisphere) | Instance 3
p27740_i3	Volume of Pole-occipital (right hemisphere) | Instance 3
p27519_i3	Volume of Pole-temporal (left hemisphere) | Instance 3
p27741_i3	Volume of Pole-temporal (right hemisphere) | Instance 3
p27520_i3	Volume of S-calcarine (left hemisphere) | Instance 3
p27742_i3	Volume of S-calcarine (right hemisphere) | Instance 3
p27521_i3	Volume of S-central (left hemisphere) | Instance 3
p27743_i3	Volume of S-central (right hemisphere) | Instance 3
p27522_i3	Volume of S-cingul-Marginalis (left hemisphere) | Instance 3
p27744_i3	Volume of S-cingul-Marginalis (right hemisphere) | Instance 3
p27523_i3	Volume of S-circular-insula-ant (left hemisphere) | Instance 3
p27745_i3	Volume of S-circular-insula-ant (right hemisphere) | Instance 3
p27524_i3	Volume of S-circular-insula-inf (left hemisphere) | Instance 3
p27746_i3	Volume of S-circular-insula-inf (right hemisphere) | Instance 3
p27525_i3	Volume of S-circular-insula-sup (left hemisphere) | Instance 3
p27747_i3	Volume of S-circular-insula-sup (right hemisphere) | Instance 3
p27526_i3	Volume of S-collat-transv-ant (left hemisphere) | Instance 3
p27748_i3	Volume of S-collat-transv-ant (right hemisphere) | Instance 3
p27527_i3	Volume of S-collat-transv-post (left hemisphere) | Instance 3
p27749_i3	Volume of S-collat-transv-post (right hemisphere) | Instance 3
p27528_i3	Volume of S-front-inf (left hemisphere) | Instance 3
p27750_i3	Volume of S-front-inf (right hemisphere) | Instance 3
p27529_i3	Volume of S-front-middle (left hemisphere) | Instance 3
p27751_i3	Volume of S-front-middle (right hemisphere) | Instance 3
p27530_i3	Volume of S-front-sup (left hemisphere) | Instance 3
p27752_i3	Volume of S-front-sup (right hemisphere) | Instance 3
p27531_i3	Volume of S-interm-prim-Jensen (left hemisphere) | Instance 3
p27753_i3	Volume of S-interm-prim-Jensen (right hemisphere) | Instance 3
p27532_i3	Volume of S-intrapariet+P-trans (left hemisphere) | Instance 3
p27754_i3	Volume of S-intrapariet+P-trans (right hemisphere) | Instance 3
p27533_i3	Volume of S-oc-middle+Lunatus (left hemisphere) | Instance 3
p27755_i3	Volume of S-oc-middle+Lunatus (right hemisphere) | Instance 3
p27534_i3	Volume of S-oc-sup+transversal (left hemisphere) | Instance 3
p27756_i3	Volume of S-oc-sup+transversal (right hemisphere) | Instance 3
p27536_i3	Volume of S-oc-temp-lat (left hemisphere) | Instance 3
p27758_i3	Volume of S-oc-temp-lat (right hemisphere) | Instance 3
p27537_i3	Volume of S-oc-temp-med+Lingual (left hemisphere) | Instance 3
p27759_i3	Volume of S-oc-temp-med+Lingual (right hemisphere) | Instance 3
p27535_i3	Volume of S-occipital-ant (left hemisphere) | Instance 3
p27757_i3	Volume of S-occipital-ant (right hemisphere) | Instance 3
p27540_i3	Volume of S-orbital-H-Shaped (left hemisphere) | Instance 3
p27762_i3	Volume of S-orbital-H-Shaped (right hemisphere) | Instance 3
p27538_i3	Volume of S-orbital-lateral (left hemisphere) | Instance 3
p27760_i3	Volume of S-orbital-lateral (right hemisphere) | Instance 3
p27539_i3	Volume of S-orbital-med-olfact (left hemisphere) | Instance 3
p27761_i3	Volume of S-orbital-med-olfact (right hemisphere) | Instance 3
p27541_i3	Volume of S-parieto-occipital (left hemisphere) | Instance 3
p27763_i3	Volume of S-parieto-occipital (right hemisphere) | Instance 3
p27542_i3	Volume of S-pericallosal (left hemisphere) | Instance 3
p27764_i3	Volume of S-pericallosal (right hemisphere) | Instance 3
p27543_i3	Volume of S-postcentral (left hemisphere) | Instance 3
p27765_i3	Volume of S-postcentral (right hemisphere) | Instance 3
p27544_i3	Volume of S-precentral-inf-part (left hemisphere) | Instance 3
p27766_i3	Volume of S-precentral-inf-part (right hemisphere) | Instance 3
p27545_i3	Volume of S-precentral-sup-part (left hemisphere) | Instance 3
p27767_i3	Volume of S-precentral-sup-part (right hemisphere) | Instance 3
p27546_i3	Volume of S-suborbital (left hemisphere) | Instance 3
p27768_i3	Volume of S-suborbital (right hemisphere) | Instance 3
p27547_i3	Volume of S-subparietal (left hemisphere) | Instance 3
p27769_i3	Volume of S-subparietal (right hemisphere) | Instance 3
p27548_i3	Volume of S-temporal-inf (left hemisphere) | Instance 3
p27770_i3	Volume of S-temporal-inf (right hemisphere) | Instance 3
p27549_i3	Volume of S-temporal-sup (left hemisphere) | Instance 3
p27771_i3	Volume of S-temporal-sup (right hemisphere) | Instance 3
p27550_i3	Volume of S-temporal-transverse (left hemisphere) | Instance 3
p27772_i3	Volume of S-temporal-transverse (right hemisphere) | Instance 3
p27143_i3	Area of caudalanteriorcingulate (left hemisphere) | Instance 3
p27236_i3	Area of caudalanteriorcingulate (right hemisphere) | Instance 3
p27144_i3	Area of caudalmiddlefrontal (left hemisphere) | Instance 3
p27237_i3	Area of caudalmiddlefrontal (right hemisphere) | Instance 3
p27145_i3	Area of cuneus (left hemisphere) | Instance 3
p27238_i3	Area of cuneus (right hemisphere) | Instance 3
p27146_i3	Area of entorhinal (left hemisphere) | Instance 3
p27239_i3	Area of entorhinal (right hemisphere) | Instance 3
p27147_i3	Area of fusiform (left hemisphere) | Instance 3
p27240_i3	Area of fusiform (right hemisphere) | Instance 3
p27148_i3	Area of inferiorparietal (left hemisphere) | Instance 3
p27241_i3	Area of inferiorparietal (right hemisphere) | Instance 3
p27149_i3	Area of inferiortemporal (left hemisphere) | Instance 3
p27242_i3	Area of inferiortemporal (right hemisphere) | Instance 3
p27173_i3	Area of insula (left hemisphere) | Instance 3
p27266_i3	Area of insula (right hemisphere) | Instance 3
p27150_i3	Area of isthmuscingulate (left hemisphere) | Instance 3
p27243_i3	Area of isthmuscingulate (right hemisphere) | Instance 3
p27151_i3	Area of lateraloccipital (left hemisphere) | Instance 3
p27244_i3	Area of lateraloccipital (right hemisphere) | Instance 3
p27152_i3	Area of lateralorbitofrontal (left hemisphere) | Instance 3
p27245_i3	Area of lateralorbitofrontal (right hemisphere) | Instance 3
p27153_i3	Area of lingual (left hemisphere) | Instance 3
p27246_i3	Area of lingual (right hemisphere) | Instance 3
p27154_i3	Area of medialorbitofrontal (left hemisphere) | Instance 3
p27247_i3	Area of medialorbitofrontal (right hemisphere) | Instance 3
p27155_i3	Area of middletemporal (left hemisphere) | Instance 3
p27248_i3	Area of middletemporal (right hemisphere) | Instance 3
p27157_i3	Area of paracentral (left hemisphere) | Instance 3
p27250_i3	Area of paracentral (right hemisphere) | Instance 3
p27156_i3	Area of parahippocampal (left hemisphere) | Instance 3
p27249_i3	Area of parahippocampal (right hemisphere) | Instance 3
p27158_i3	Area of parsopercularis (left hemisphere) | Instance 3
p27251_i3	Area of parsopercularis (right hemisphere) | Instance 3
p27159_i3	Area of parsorbitalis (left hemisphere) | Instance 3
p27252_i3	Area of parsorbitalis (right hemisphere) | Instance 3
p27160_i3	Area of parstriangularis (left hemisphere) | Instance 3
p27253_i3	Area of parstriangularis (right hemisphere) | Instance 3
p27161_i3	Area of pericalcarine (left hemisphere) | Instance 3
p27254_i3	Area of pericalcarine (right hemisphere) | Instance 3
p27162_i3	Area of postcentral (left hemisphere) | Instance 3
p27255_i3	Area of postcentral (right hemisphere) | Instance 3
p27163_i3	Area of posteriorcingulate (left hemisphere) | Instance 3
p27256_i3	Area of posteriorcingulate (right hemisphere) | Instance 3
p27164_i3	Area of precentral (left hemisphere) | Instance 3
p27257_i3	Area of precentral (right hemisphere) | Instance 3
p27165_i3	Area of precuneus (left hemisphere) | Instance 3
p27258_i3	Area of precuneus (right hemisphere) | Instance 3
p27166_i3	Area of rostralanteriorcingulate (left hemisphere) | Instance 3
p27259_i3	Area of rostralanteriorcingulate (right hemisphere) | Instance 3
p27167_i3	Area of rostralmiddlefrontal (left hemisphere) | Instance 3
p27260_i3	Area of rostralmiddlefrontal (right hemisphere) | Instance 3
p27168_i3	Area of superiorfrontal (left hemisphere) | Instance 3
p27261_i3	Area of superiorfrontal (right hemisphere) | Instance 3
p27169_i3	Area of superiorparietal (left hemisphere) | Instance 3
p27262_i3	Area of superiorparietal (right hemisphere) | Instance 3
p27170_i3	Area of superiortemporal (left hemisphere) | Instance 3
p27263_i3	Area of superiortemporal (right hemisphere) | Instance 3
p27171_i3	Area of supramarginal (left hemisphere) | Instance 3
p27264_i3	Area of supramarginal (right hemisphere) | Instance 3
p27172_i3	Area of transversetemporal (left hemisphere) | Instance 3
p27265_i3	Area of transversetemporal (right hemisphere) | Instance 3
p27174_i3	Mean thickness of caudalanteriorcingulate (left hemisphere) | Instance 3
p27267_i3	Mean thickness of caudalanteriorcingulate (right hemisphere) | Instance 3
p27175_i3	Mean thickness of caudalmiddlefrontal (left hemisphere) | Instance 3
p27268_i3	Mean thickness of caudalmiddlefrontal (right hemisphere) | Instance 3
p27176_i3	Mean thickness of cuneus (left hemisphere) | Instance 3
p27269_i3	Mean thickness of cuneus (right hemisphere) | Instance 3
p27177_i3	Mean thickness of entorhinal (left hemisphere) | Instance 3
p27270_i3	Mean thickness of entorhinal (right hemisphere) | Instance 3
p27178_i3	Mean thickness of fusiform (left hemisphere) | Instance 3
p27271_i3	Mean thickness of fusiform (right hemisphere) | Instance 3
p27179_i3	Mean thickness of inferiorparietal (left hemisphere) | Instance 3
p27272_i3	Mean thickness of inferiorparietal (right hemisphere) | Instance 3
p27180_i3	Mean thickness of inferiortemporal (left hemisphere) | Instance 3
p27273_i3	Mean thickness of inferiortemporal (right hemisphere) | Instance 3
p27204_i3	Mean thickness of insula (left hemisphere) | Instance 3
p27297_i3	Mean thickness of insula (right hemisphere) | Instance 3
p27181_i3	Mean thickness of isthmuscingulate (left hemisphere) | Instance 3
p27274_i3	Mean thickness of isthmuscingulate (right hemisphere) | Instance 3
p27182_i3	Mean thickness of lateraloccipital (left hemisphere) | Instance 3
p27275_i3	Mean thickness of lateraloccipital (right hemisphere) | Instance 3
p27183_i3	Mean thickness of lateralorbitofrontal (left hemisphere) | Instance 3
p27276_i3	Mean thickness of lateralorbitofrontal (right hemisphere) | Instance 3
p27184_i3	Mean thickness of lingual (left hemisphere) | Instance 3
p27277_i3	Mean thickness of lingual (right hemisphere) | Instance 3
p27185_i3	Mean thickness of medialorbitofrontal (left hemisphere) | Instance 3
p27278_i3	Mean thickness of medialorbitofrontal (right hemisphere) | Instance 3
p27186_i3	Mean thickness of middletemporal (left hemisphere) | Instance 3
p27279_i3	Mean thickness of middletemporal (right hemisphere) | Instance 3
p27188_i3	Mean thickness of paracentral (left hemisphere) | Instance 3
p27281_i3	Mean thickness of paracentral (right hemisphere) | Instance 3
p27187_i3	Mean thickness of parahippocampal (left hemisphere) | Instance 3
p27280_i3	Mean thickness of parahippocampal (right hemisphere) | Instance 3
p27189_i3	Mean thickness of parsopercularis (left hemisphere) | Instance 3
p27282_i3	Mean thickness of parsopercularis (right hemisphere) | Instance 3
p27190_i3	Mean thickness of parsorbitalis (left hemisphere) | Instance 3
p27283_i3	Mean thickness of parsorbitalis (right hemisphere) | Instance 3
p27191_i3	Mean thickness of parstriangularis (left hemisphere) | Instance 3
p27284_i3	Mean thickness of parstriangularis (right hemisphere) | Instance 3
p27192_i3	Mean thickness of pericalcarine (left hemisphere) | Instance 3
p27285_i3	Mean thickness of pericalcarine (right hemisphere) | Instance 3
p27193_i3	Mean thickness of postcentral (left hemisphere) | Instance 3
p27286_i3	Mean thickness of postcentral (right hemisphere) | Instance 3
p27194_i3	Mean thickness of posteriorcingulate (left hemisphere) | Instance 3
p27287_i3	Mean thickness of posteriorcingulate (right hemisphere) | Instance 3
p27195_i3	Mean thickness of precentral (left hemisphere) | Instance 3
p27288_i3	Mean thickness of precentral (right hemisphere) | Instance 3
p27196_i3	Mean thickness of precuneus (left hemisphere) | Instance 3
p27289_i3	Mean thickness of precuneus (right hemisphere) | Instance 3
p27197_i3	Mean thickness of rostralanteriorcingulate (left hemisphere) | Instance 3
p27290_i3	Mean thickness of rostralanteriorcingulate (right hemisphere) | Instance 3
p27198_i3	Mean thickness of rostralmiddlefrontal (left hemisphere) | Instance 3
p27291_i3	Mean thickness of rostralmiddlefrontal (right hemisphere) | Instance 3
p27199_i3	Mean thickness of superiorfrontal (left hemisphere) | Instance 3
p27292_i3	Mean thickness of superiorfrontal (right hemisphere) | Instance 3
p27200_i3	Mean thickness of superiorparietal (left hemisphere) | Instance 3
p27293_i3	Mean thickness of superiorparietal (right hemisphere) | Instance 3
p27201_i3	Mean thickness of superiortemporal (left hemisphere) | Instance 3
p27294_i3	Mean thickness of superiortemporal (right hemisphere) | Instance 3
p27202_i3	Mean thickness of supramarginal (left hemisphere) | Instance 3
p27295_i3	Mean thickness of supramarginal (right hemisphere) | Instance 3
p27203_i3	Mean thickness of transversetemporal (left hemisphere) | Instance 3
p27296_i3	Mean thickness of transversetemporal (right hemisphere) | Instance 3
p27205_i3	Volume of caudalanteriorcingulate (left hemisphere) | Instance 3
p27298_i3	Volume of caudalanteriorcingulate (right hemisphere) | Instance 3
p27206_i3	Volume of caudalmiddlefrontal (left hemisphere) | Instance 3
p27299_i3	Volume of caudalmiddlefrontal (right hemisphere) | Instance 3
p27207_i3	Volume of cuneus (left hemisphere) | Instance 3
p27300_i3	Volume of cuneus (right hemisphere) | Instance 3
p27208_i3	Volume of entorhinal (left hemisphere) | Instance 3
p27301_i3	Volume of entorhinal (right hemisphere) | Instance 3
p27209_i3	Volume of fusiform (left hemisphere) | Instance 3
p27302_i3	Volume of fusiform (right hemisphere) | Instance 3
p27210_i3	Volume of inferiorparietal (left hemisphere) | Instance 3
p27303_i3	Volume of inferiorparietal (right hemisphere) | Instance 3
p27211_i3	Volume of inferiortemporal (left hemisphere) | Instance 3
p27304_i3	Volume of inferiortemporal (right hemisphere) | Instance 3
p27235_i3	Volume of insula (left hemisphere) | Instance 3
p27328_i3	Volume of insula (right hemisphere) | Instance 3
p27212_i3	Volume of isthmuscingulate (left hemisphere) | Instance 3
p27305_i3	Volume of isthmuscingulate (right hemisphere) | Instance 3
p27213_i3	Volume of lateraloccipital (left hemisphere) | Instance 3
p27306_i3	Volume of lateraloccipital (right hemisphere) | Instance 3
p27214_i3	Volume of lateralorbitofrontal (left hemisphere) | Instance 3
p27307_i3	Volume of lateralorbitofrontal (right hemisphere) | Instance 3
p27215_i3	Volume of lingual (left hemisphere) | Instance 3
p27308_i3	Volume of lingual (right hemisphere) | Instance 3
p27216_i3	Volume of medialorbitofrontal (left hemisphere) | Instance 3
p27309_i3	Volume of medialorbitofrontal (right hemisphere) | Instance 3
p27217_i3	Volume of middletemporal (left hemisphere) | Instance 3
p27310_i3	Volume of middletemporal (right hemisphere) | Instance 3
p27219_i3	Volume of paracentral (left hemisphere) | Instance 3
p27312_i3	Volume of paracentral (right hemisphere) | Instance 3
p27218_i3	Volume of parahippocampal (left hemisphere) | Instance 3
p27311_i3	Volume of parahippocampal (right hemisphere) | Instance 3
p27220_i3	Volume of parsopercularis (left hemisphere) | Instance 3
p27313_i3	Volume of parsopercularis (right hemisphere) | Instance 3
p27221_i3	Volume of parsorbitalis (left hemisphere) | Instance 3
p27314_i3	Volume of parsorbitalis (right hemisphere) | Instance 3
p27222_i3	Volume of parstriangularis (left hemisphere) | Instance 3
p27315_i3	Volume of parstriangularis (right hemisphere) | Instance 3
p27223_i3	Volume of pericalcarine (left hemisphere) | Instance 3
p27316_i3	Volume of pericalcarine (right hemisphere) | Instance 3
p27224_i3	Volume of postcentral (left hemisphere) | Instance 3
p27317_i3	Volume of postcentral (right hemisphere) | Instance 3
p27225_i3	Volume of posteriorcingulate (left hemisphere) | Instance 3
p27318_i3	Volume of posteriorcingulate (right hemisphere) | Instance 3
p27226_i3	Volume of precentral (left hemisphere) | Instance 3
p27319_i3	Volume of precentral (right hemisphere) | Instance 3
p27227_i3	Volume of precuneus (left hemisphere) | Instance 3
p27320_i3	Volume of precuneus (right hemisphere) | Instance 3
p27228_i3	Volume of rostralanteriorcingulate (left hemisphere) | Instance 3
p27321_i3	Volume of rostralanteriorcingulate (right hemisphere) | Instance 3
p27229_i3	Volume of rostralmiddlefrontal (left hemisphere) | Instance 3
p27322_i3	Volume of rostralmiddlefrontal (right hemisphere) | Instance 3
p27230_i3	Volume of superiorfrontal (left hemisphere) | Instance 3
p27323_i3	Volume of superiorfrontal (right hemisphere) | Instance 3
p27231_i3	Volume of superiorparietal (left hemisphere) | Instance 3
p27324_i3	Volume of superiorparietal (right hemisphere) | Instance 3
p27232_i3	Volume of superiortemporal (left hemisphere) | Instance 3
p27325_i3	Volume of superiortemporal (right hemisphere) | Instance 3
p27233_i3	Volume of supramarginal (left hemisphere) | Instance 3
p27326_i3	Volume of supramarginal (right hemisphere) | Instance 3
p27234_i3	Volume of transversetemporal (left hemisphere) | Instance 3
p27327_i3	Volume of transversetemporal (right hemisphere) | Instance 3
p26990_i3	Grey-white contrast in bankssts (left hemisphere) | Instance 3
p27025_i3	Grey-white contrast in bankssts (right hemisphere) | Instance 3
p26991_i3	Grey-white contrast in caudalanteriorcingulate (left hemisphere) | Instance 3
p27026_i3	Grey-white contrast in caudalanteriorcingulate (right hemisphere) | Instance 3
p26992_i3	Grey-white contrast in caudalmiddlefrontal (left hemisphere) | Instance 3
p27027_i3	Grey-white contrast in caudalmiddlefrontal (right hemisphere) | Instance 3
p26993_i3	Grey-white contrast in cuneus (left hemisphere) | Instance 3
p27028_i3	Grey-white contrast in cuneus (right hemisphere) | Instance 3
p26994_i3	Grey-white contrast in entorhinal (left hemisphere) | Instance 3
p27029_i3	Grey-white contrast in entorhinal (right hemisphere) | Instance 3
p27020_i3	Grey-white contrast in frontalpole (left hemisphere) | Instance 3
p27055_i3	Grey-white contrast in frontalpole (right hemisphere) | Instance 3
p26995_i3	Grey-white contrast in fusiform (left hemisphere) | Instance 3
p27030_i3	Grey-white contrast in fusiform (right hemisphere) | Instance 3
p26996_i3	Grey-white contrast in inferiorparietal (left hemisphere) | Instance 3
p27031_i3	Grey-white contrast in inferiorparietal (right hemisphere) | Instance 3
p26997_i3	Grey-white contrast in inferiortemporal (left hemisphere) | Instance 3
p27032_i3	Grey-white contrast in inferiortemporal (right hemisphere) | Instance 3
p27023_i3	Grey-white contrast in insula (left hemisphere) | Instance 3
p27058_i3	Grey-white contrast in insula (right hemisphere) | Instance 3
p26998_i3	Grey-white contrast in isthmuscingulate (left hemisphere) | Instance 3
p27033_i3	Grey-white contrast in isthmuscingulate (right hemisphere) | Instance 3
p26999_i3	Grey-white contrast in lateraloccipital (left hemisphere) | Instance 3
p27034_i3	Grey-white contrast in lateraloccipital (right hemisphere) | Instance 3
p27000_i3	Grey-white contrast in lateralorbitofrontal (left hemisphere) | Instance 3
p27035_i3	Grey-white contrast in lateralorbitofrontal (right hemisphere) | Instance 3
p27001_i3	Grey-white contrast in lingual (left hemisphere) | Instance 3
p27036_i3	Grey-white contrast in lingual (right hemisphere) | Instance 3
p27002_i3	Grey-white contrast in medialorbitofrontal (left hemisphere) | Instance 3
p27037_i3	Grey-white contrast in medialorbitofrontal (right hemisphere) | Instance 3
p27003_i3	Grey-white contrast in middletemporal (left hemisphere) | Instance 3
p27038_i3	Grey-white contrast in middletemporal (right hemisphere) | Instance 3
p27005_i3	Grey-white contrast in paracentral (left hemisphere) | Instance 3
p27040_i3	Grey-white contrast in paracentral (right hemisphere) | Instance 3
p27004_i3	Grey-white contrast in parahippocampal (left hemisphere) | Instance 3
p27039_i3	Grey-white contrast in parahippocampal (right hemisphere) | Instance 3
p27006_i3	Grey-white contrast in parsopercularis (left hemisphere) | Instance 3
p27041_i3	Grey-white contrast in parsopercularis (right hemisphere) | Instance 3
p27007_i3	Grey-white contrast in parsorbitalis (left hemisphere) | Instance 3
p27042_i3	Grey-white contrast in parsorbitalis (right hemisphere) | Instance 3
p27008_i3	Grey-white contrast in parstriangularis (left hemisphere) | Instance 3
p27043_i3	Grey-white contrast in parstriangularis (right hemisphere) | Instance 3
p27009_i3	Grey-white contrast in pericalcarine (left hemisphere) | Instance 3
p27044_i3	Grey-white contrast in pericalcarine (right hemisphere) | Instance 3
p27010_i3	Grey-white contrast in postcentral (left hemisphere) | Instance 3
p27045_i3	Grey-white contrast in postcentral (right hemisphere) | Instance 3
p27011_i3	Grey-white contrast in posteriorcingulate (left hemisphere) | Instance 3
p27046_i3	Grey-white contrast in posteriorcingulate (right hemisphere) | Instance 3
p27012_i3	Grey-white contrast in precentral (left hemisphere) | Instance 3
p27047_i3	Grey-white contrast in precentral (right hemisphere) | Instance 3
p27013_i3	Grey-white contrast in precuneus (left hemisphere) | Instance 3
p27048_i3	Grey-white contrast in precuneus (right hemisphere) | Instance 3
p27014_i3	Grey-white contrast in rostralanteriorcingulate (left hemisphere) | Instance 3
p27049_i3	Grey-white contrast in rostralanteriorcingulate (right hemisphere) | Instance 3
p27015_i3	Grey-white contrast in rostralmiddlefrontal (left hemisphere) | Instance 3
p27050_i3	Grey-white contrast in rostralmiddlefrontal (right hemisphere) | Instance 3
p27016_i3	Grey-white contrast in superiorfrontal (left hemisphere) | Instance 3
p27051_i3	Grey-white contrast in superiorfrontal (right hemisphere) | Instance 3
p27017_i3	Grey-white contrast in superiorparietal (left hemisphere) | Instance 3
p27052_i3	Grey-white contrast in superiorparietal (right hemisphere) | Instance 3
p27018_i3	Grey-white contrast in superiortemporal (left hemisphere) | Instance 3
p27053_i3	Grey-white contrast in superiortemporal (right hemisphere) | Instance 3
p27019_i3	Grey-white contrast in supramarginal (left hemisphere) | Instance 3
p27054_i3	Grey-white contrast in supramarginal (right hemisphere) | Instance 3
p27021_i3	Grey-white contrast in temporalpole (left hemisphere) | Instance 3
p27056_i3	Grey-white contrast in temporalpole (right hemisphere) | Instance 3
p27022_i3	Grey-white contrast in transversetemporal (left hemisphere) | Instance 3
p27057_i3	Grey-white contrast in transversetemporal (right hemisphere) | Instance 3
p26989_i3	Grey-white contrast in unknown (left hemisphere) | Instance 3
p27024_i3	Grey-white contrast in unknown (right hemisphere) | Instance 3
p26923_i3	Area of TotalSurface (left hemisphere) | Instance 3
p26956_i3	Area of TotalSurface (right hemisphere) | Instance 3
p26924_i3	Area of bankssts (left hemisphere) | Instance 3
p26957_i3	Area of bankssts (right hemisphere) | Instance 3
p26925_i3	Area of caudalanteriorcingulate (left hemisphere) | Instance 3
p26958_i3	Area of caudalanteriorcingulate (right hemisphere) | Instance 3
p26926_i3	Area of caudalmiddlefrontal (left hemisphere) | Instance 3
p26959_i3	Area of caudalmiddlefrontal (right hemisphere) | Instance 3
p26927_i3	Area of cuneus (left hemisphere) | Instance 3
p26960_i3	Area of cuneus (right hemisphere) | Instance 3
p26928_i3	Area of entorhinal (left hemisphere) | Instance 3
p26961_i3	Area of entorhinal (right hemisphere) | Instance 3
p26954_i3	Area of frontalpole (left hemisphere) | Instance 3
p26987_i3	Area of frontalpole (right hemisphere) | Instance 3
p26929_i3	Area of fusiform (left hemisphere) | Instance 3
p26962_i3	Area of fusiform (right hemisphere) | Instance 3
p26930_i3	Area of inferiorparietal (left hemisphere) | Instance 3
p26963_i3	Area of inferiorparietal (right hemisphere) | Instance 3
p26931_i3	Area of inferiortemporal (left hemisphere) | Instance 3
p26964_i3	Area of inferiortemporal (right hemisphere) | Instance 3
p26932_i3	Area of isthmuscingulate (left hemisphere) | Instance 3
p26965_i3	Area of isthmuscingulate (right hemisphere) | Instance 3
p26933_i3	Area of lateraloccipital (left hemisphere) | Instance 3
p26966_i3	Area of lateraloccipital (right hemisphere) | Instance 3
p26934_i3	Area of lateralorbitofrontal (left hemisphere) | Instance 3
p26967_i3	Area of lateralorbitofrontal (right hemisphere) | Instance 3
p26935_i3	Area of lingual (left hemisphere) | Instance 3
p26968_i3	Area of lingual (right hemisphere) | Instance 3
p26936_i3	Area of medialorbitofrontal (left hemisphere) | Instance 3
p26969_i3	Area of medialorbitofrontal (right hemisphere) | Instance 3
p26937_i3	Area of middletemporal (left hemisphere) | Instance 3
p26970_i3	Area of middletemporal (right hemisphere) | Instance 3
p26939_i3	Area of paracentral (left hemisphere) | Instance 3
p26972_i3	Area of paracentral (right hemisphere) | Instance 3
p26938_i3	Area of parahippocampal (left hemisphere) | Instance 3
p26971_i3	Area of parahippocampal (right hemisphere) | Instance 3
p26940_i3	Area of parsopercularis (left hemisphere) | Instance 3
p26973_i3	Area of parsopercularis (right hemisphere) | Instance 3
p26941_i3	Area of parsorbitalis (left hemisphere) | Instance 3
p26974_i3	Area of parsorbitalis (right hemisphere) | Instance 3
p26942_i3	Area of parstriangularis (left hemisphere) | Instance 3
p26975_i3	Area of parstriangularis (right hemisphere) | Instance 3
p26943_i3	Area of pericalcarine (left hemisphere) | Instance 3
p26976_i3	Area of pericalcarine (right hemisphere) | Instance 3
p26944_i3	Area of postcentral (left hemisphere) | Instance 3
p26977_i3	Area of postcentral (right hemisphere) | Instance 3
p26945_i3	Area of posteriorcingulate (left hemisphere) | Instance 3
p26978_i3	Area of posteriorcingulate (right hemisphere) | Instance 3
p26946_i3	Area of precentral (left hemisphere) | Instance 3
p26979_i3	Area of precentral (right hemisphere) | Instance 3
p26947_i3	Area of precuneus (left hemisphere) | Instance 3
p26980_i3	Area of precuneus (right hemisphere) | Instance 3
p26948_i3	Area of rostralanteriorcingulate (left hemisphere) | Instance 3
p26981_i3	Area of rostralanteriorcingulate (right hemisphere) | Instance 3
p26949_i3	Area of rostralmiddlefrontal (left hemisphere) | Instance 3
p26982_i3	Area of rostralmiddlefrontal (right hemisphere) | Instance 3
p26950_i3	Area of superiorfrontal (left hemisphere) | Instance 3
p26983_i3	Area of superiorfrontal (right hemisphere) | Instance 3
p26951_i3	Area of superiorparietal (left hemisphere) | Instance 3
p26984_i3	Area of superiorparietal (right hemisphere) | Instance 3
p26952_i3	Area of superiortemporal (left hemisphere) | Instance 3
p26985_i3	Area of superiortemporal (right hemisphere) | Instance 3
p26953_i3	Area of supramarginal (left hemisphere) | Instance 3
p26986_i3	Area of supramarginal (right hemisphere) | Instance 3
p26955_i3	Area of transversetemporal (left hemisphere) | Instance 3
p26988_i3	Area of transversetemporal (right hemisphere) | Instance 3
p26721_i3	Area of TotalSurface (left hemisphere) | Instance 3
p26822_i3	Area of TotalSurface (right hemisphere) | Instance 3
p26722_i3	Area of bankssts (left hemisphere) | Instance 3
p26823_i3	Area of bankssts (right hemisphere) | Instance 3
p26723_i3	Area of caudalanteriorcingulate (left hemisphere) | Instance 3
p26824_i3	Area of caudalanteriorcingulate (right hemisphere) | Instance 3
p26724_i3	Area of caudalmiddlefrontal (left hemisphere) | Instance 3
p26825_i3	Area of caudalmiddlefrontal (right hemisphere) | Instance 3
p26725_i3	Area of cuneus (left hemisphere) | Instance 3
p26826_i3	Area of cuneus (right hemisphere) | Instance 3
p26726_i3	Area of entorhinal (left hemisphere) | Instance 3
p26827_i3	Area of entorhinal (right hemisphere) | Instance 3
p26752_i3	Area of frontalpole (left hemisphere) | Instance 3
p26853_i3	Area of frontalpole (right hemisphere) | Instance 3
p26727_i3	Area of fusiform (left hemisphere) | Instance 3
p26828_i3	Area of fusiform (right hemisphere) | Instance 3
p26728_i3	Area of inferiorparietal (left hemisphere) | Instance 3
p26829_i3	Area of inferiorparietal (right hemisphere) | Instance 3
p26729_i3	Area of inferiortemporal (left hemisphere) | Instance 3
p26830_i3	Area of inferiortemporal (right hemisphere) | Instance 3
p26754_i3	Area of insula (left hemisphere) | Instance 3
p26855_i3	Area of insula (right hemisphere) | Instance 3
p26730_i3	Area of isthmuscingulate (left hemisphere) | Instance 3
p26831_i3	Area of isthmuscingulate (right hemisphere) | Instance 3
p26731_i3	Area of lateraloccipital (left hemisphere) | Instance 3
p26832_i3	Area of lateraloccipital (right hemisphere) | Instance 3
p26732_i3	Area of lateralorbitofrontal (left hemisphere) | Instance 3
p26833_i3	Area of lateralorbitofrontal (right hemisphere) | Instance 3
p26733_i3	Area of lingual (left hemisphere) | Instance 3
p26834_i3	Area of lingual (right hemisphere) | Instance 3
p26734_i3	Area of medialorbitofrontal (left hemisphere) | Instance 3
p26835_i3	Area of medialorbitofrontal (right hemisphere) | Instance 3
p26735_i3	Area of middletemporal (left hemisphere) | Instance 3
p26836_i3	Area of middletemporal (right hemisphere) | Instance 3
p26737_i3	Area of paracentral (left hemisphere) | Instance 3
p26838_i3	Area of paracentral (right hemisphere) | Instance 3
p26736_i3	Area of parahippocampal (left hemisphere) | Instance 3
p26837_i3	Area of parahippocampal (right hemisphere) | Instance 3
p26738_i3	Area of parsopercularis (left hemisphere) | Instance 3
p26839_i3	Area of parsopercularis (right hemisphere) | Instance 3
p26739_i3	Area of parsorbitalis (left hemisphere) | Instance 3
p26840_i3	Area of parsorbitalis (right hemisphere) | Instance 3
p26740_i3	Area of parstriangularis (left hemisphere) | Instance 3
p26841_i3	Area of parstriangularis (right hemisphere) | Instance 3
p26741_i3	Area of pericalcarine (left hemisphere) | Instance 3
p26842_i3	Area of pericalcarine (right hemisphere) | Instance 3
p26742_i3	Area of postcentral (left hemisphere) | Instance 3
p26843_i3	Area of postcentral (right hemisphere) | Instance 3
p26743_i3	Area of posteriorcingulate (left hemisphere) | Instance 3
p26844_i3	Area of posteriorcingulate (right hemisphere) | Instance 3
p26744_i3	Area of precentral (left hemisphere) | Instance 3
p26845_i3	Area of precentral (right hemisphere) | Instance 3
p26745_i3	Area of precuneus (left hemisphere) | Instance 3
p26846_i3	Area of precuneus (right hemisphere) | Instance 3
p26746_i3	Area of rostralanteriorcingulate (left hemisphere) | Instance 3
p26847_i3	Area of rostralanteriorcingulate (right hemisphere) | Instance 3
p26747_i3	Area of rostralmiddlefrontal (left hemisphere) | Instance 3
p26848_i3	Area of rostralmiddlefrontal (right hemisphere) | Instance 3
p26748_i3	Area of superiorfrontal (left hemisphere) | Instance 3
p26849_i3	Area of superiorfrontal (right hemisphere) | Instance 3
p26749_i3	Area of superiorparietal (left hemisphere) | Instance 3
p26850_i3	Area of superiorparietal (right hemisphere) | Instance 3
p26750_i3	Area of superiortemporal (left hemisphere) | Instance 3
p26851_i3	Area of superiortemporal (right hemisphere) | Instance 3
p26751_i3	Area of supramarginal (left hemisphere) | Instance 3
p26852_i3	Area of supramarginal (right hemisphere) | Instance 3
p26753_i3	Area of transversetemporal (left hemisphere) | Instance 3
p26854_i3	Area of transversetemporal (right hemisphere) | Instance 3
p26755_i3	Mean thickness of GlobalMeanMean thickness (left hemisphere) | Instance 3
p26856_i3	Mean thickness of GlobalMeanMean thickness (right hemisphere) | Instance 3
p26756_i3	Mean thickness of bankssts (left hemisphere) | Instance 3
p26857_i3	Mean thickness of bankssts (right hemisphere) | Instance 3
p26757_i3	Mean thickness of caudalanteriorcingulate (left hemisphere) | Instance 3
p26858_i3	Mean thickness of caudalanteriorcingulate (right hemisphere) | Instance 3
p26758_i3	Mean thickness of caudalmiddlefrontal (left hemisphere) | Instance 3
p26859_i3	Mean thickness of caudalmiddlefrontal (right hemisphere) | Instance 3
p26759_i3	Mean thickness of cuneus (left hemisphere) | Instance 3
p26860_i3	Mean thickness of cuneus (right hemisphere) | Instance 3
p26760_i3	Mean thickness of entorhinal (left hemisphere) | Instance 3
p26861_i3	Mean thickness of entorhinal (right hemisphere) | Instance 3
p26786_i3	Mean thickness of frontalpole (left hemisphere) | Instance 3
p26887_i3	Mean thickness of frontalpole (right hemisphere) | Instance 3
p26761_i3	Mean thickness of fusiform (left hemisphere) | Instance 3
p26862_i3	Mean thickness of fusiform (right hemisphere) | Instance 3
p26762_i3	Mean thickness of inferiorparietal (left hemisphere) | Instance 3
p26863_i3	Mean thickness of inferiorparietal (right hemisphere) | Instance 3
p26763_i3	Mean thickness of inferiortemporal (left hemisphere) | Instance 3
p26864_i3	Mean thickness of inferiortemporal (right hemisphere) | Instance 3
p26788_i3	Mean thickness of insula (left hemisphere) | Instance 3
p26889_i3	Mean thickness of insula (right hemisphere) | Instance 3
p26764_i3	Mean thickness of isthmuscingulate (left hemisphere) | Instance 3
p26865_i3	Mean thickness of isthmuscingulate (right hemisphere) | Instance 3
p26765_i3	Mean thickness of lateraloccipital (left hemisphere) | Instance 3
p26866_i3	Mean thickness of lateraloccipital (right hemisphere) | Instance 3
p26766_i3	Mean thickness of lateralorbitofrontal (left hemisphere) | Instance 3
p26867_i3	Mean thickness of lateralorbitofrontal (right hemisphere) | Instance 3
p26767_i3	Mean thickness of lingual (left hemisphere) | Instance 3
p26868_i3	Mean thickness of lingual (right hemisphere) | Instance 3
p26768_i3	Mean thickness of medialorbitofrontal (left hemisphere) | Instance 3
p26869_i3	Mean thickness of medialorbitofrontal (right hemisphere) | Instance 3
p26769_i3	Mean thickness of middletemporal (left hemisphere) | Instance 3
p26870_i3	Mean thickness of middletemporal (right hemisphere) | Instance 3
p26771_i3	Mean thickness of paracentral (left hemisphere) | Instance 3
p26872_i3	Mean thickness of paracentral (right hemisphere) | Instance 3
p26770_i3	Mean thickness of parahippocampal (left hemisphere) | Instance 3
p26871_i3	Mean thickness of parahippocampal (right hemisphere) | Instance 3
p26772_i3	Mean thickness of parsopercularis (left hemisphere) | Instance 3
p26873_i3	Mean thickness of parsopercularis (right hemisphere) | Instance 3
p26773_i3	Mean thickness of parsorbitalis (left hemisphere) | Instance 3
p26874_i3	Mean thickness of parsorbitalis (right hemisphere) | Instance 3
p26774_i3	Mean thickness of parstriangularis (left hemisphere) | Instance 3
p26875_i3	Mean thickness of parstriangularis (right hemisphere) | Instance 3
p26775_i3	Mean thickness of pericalcarine (left hemisphere) | Instance 3
p26876_i3	Mean thickness of pericalcarine (right hemisphere) | Instance 3
p26776_i3	Mean thickness of postcentral (left hemisphere) | Instance 3
p26877_i3	Mean thickness of postcentral (right hemisphere) | Instance 3
p26777_i3	Mean thickness of posteriorcingulate (left hemisphere) | Instance 3
p26878_i3	Mean thickness of posteriorcingulate (right hemisphere) | Instance 3
p26778_i3	Mean thickness of precentral (left hemisphere) | Instance 3
p26879_i3	Mean thickness of precentral (right hemisphere) | Instance 3
p26779_i3	Mean thickness of precuneus (left hemisphere) | Instance 3
p26880_i3	Mean thickness of precuneus (right hemisphere) | Instance 3
p26780_i3	Mean thickness of rostralanteriorcingulate (left hemisphere) | Instance 3
p26881_i3	Mean thickness of rostralanteriorcingulate (right hemisphere) | Instance 3
p26781_i3	Mean thickness of rostralmiddlefrontal (left hemisphere) | Instance 3
p26882_i3	Mean thickness of rostralmiddlefrontal (right hemisphere) | Instance 3
p26782_i3	Mean thickness of superiorfrontal (left hemisphere) | Instance 3
p26883_i3	Mean thickness of superiorfrontal (right hemisphere) | Instance 3
p26783_i3	Mean thickness of superiorparietal (left hemisphere) | Instance 3
p26884_i3	Mean thickness of superiorparietal (right hemisphere) | Instance 3
p26784_i3	Mean thickness of superiortemporal (left hemisphere) | Instance 3
p26885_i3	Mean thickness of superiortemporal (right hemisphere) | Instance 3
p26785_i3	Mean thickness of supramarginal (left hemisphere) | Instance 3
p26886_i3	Mean thickness of supramarginal (right hemisphere) | Instance 3
p26787_i3	Mean thickness of transversetemporal (left hemisphere) | Instance 3
p26888_i3	Mean thickness of transversetemporal (right hemisphere) | Instance 3
p26789_i3	Volume of bankssts (left hemisphere) | Instance 3
p26890_i3	Volume of bankssts (right hemisphere) | Instance 3
p26790_i3	Volume of caudalanteriorcingulate (left hemisphere) | Instance 3
p26891_i3	Volume of caudalanteriorcingulate (right hemisphere) | Instance 3
p26791_i3	Volume of caudalmiddlefrontal (left hemisphere) | Instance 3
p26892_i3	Volume of caudalmiddlefrontal (right hemisphere) | Instance 3
p26792_i3	Volume of cuneus (left hemisphere) | Instance 3
p26893_i3	Volume of cuneus (right hemisphere) | Instance 3
p26793_i3	Volume of entorhinal (left hemisphere) | Instance 3
p26894_i3	Volume of entorhinal (right hemisphere) | Instance 3
p26819_i3	Volume of frontalpole (left hemisphere) | Instance 3
p26920_i3	Volume of frontalpole (right hemisphere) | Instance 3
p26794_i3	Volume of fusiform (left hemisphere) | Instance 3
p26895_i3	Volume of fusiform (right hemisphere) | Instance 3
p26795_i3	Volume of inferiorparietal (left hemisphere) | Instance 3
p26896_i3	Volume of inferiorparietal (right hemisphere) | Instance 3
p26796_i3	Volume of inferiortemporal (left hemisphere) | Instance 3
p26897_i3	Volume of inferiortemporal (right hemisphere) | Instance 3
p26821_i3	Volume of insula (left hemisphere) | Instance 3
p26922_i3	Volume of insula (right hemisphere) | Instance 3
p26797_i3	Volume of isthmuscingulate (left hemisphere) | Instance 3
p26898_i3	Volume of isthmuscingulate (right hemisphere) | Instance 3
p26798_i3	Volume of lateraloccipital (left hemisphere) | Instance 3
p26899_i3	Volume of lateraloccipital (right hemisphere) | Instance 3
p26799_i3	Volume of lateralorbitofrontal (left hemisphere) | Instance 3
p26900_i3	Volume of lateralorbitofrontal (right hemisphere) | Instance 3
p26800_i3	Volume of lingual (left hemisphere) | Instance 3
p26901_i3	Volume of lingual (right hemisphere) | Instance 3
p26801_i3	Volume of medialorbitofrontal (left hemisphere) | Instance 3
p26902_i3	Volume of medialorbitofrontal (right hemisphere) | Instance 3
p26802_i3	Volume of middletemporal (left hemisphere) | Instance 3
p26903_i3	Volume of middletemporal (right hemisphere) | Instance 3
p26804_i3	Volume of paracentral (left hemisphere) | Instance 3
p26905_i3	Volume of paracentral (right hemisphere) | Instance 3
p26803_i3	Volume of parahippocampal (left hemisphere) | Instance 3
p26904_i3	Volume of parahippocampal (right hemisphere) | Instance 3
p26805_i3	Volume of parsopercularis (left hemisphere) | Instance 3
p26906_i3	Volume of parsopercularis (right hemisphere) | Instance 3
p26806_i3	Volume of parsorbitalis (left hemisphere) | Instance 3
p26907_i3	Volume of parsorbitalis (right hemisphere) | Instance 3
p26807_i3	Volume of parstriangularis (left hemisphere) | Instance 3
p26908_i3	Volume of parstriangularis (right hemisphere) | Instance 3
p26808_i3	Volume of pericalcarine (left hemisphere) | Instance 3
p26909_i3	Volume of pericalcarine (right hemisphere) | Instance 3
p26809_i3	Volume of postcentral (left hemisphere) | Instance 3
p26910_i3	Volume of postcentral (right hemisphere) | Instance 3
p26810_i3	Volume of posteriorcingulate (left hemisphere) | Instance 3
p26911_i3	Volume of posteriorcingulate (right hemisphere) | Instance 3
p26811_i3	Volume of precentral (left hemisphere) | Instance 3
p26912_i3	Volume of precentral (right hemisphere) | Instance 3
p26812_i3	Volume of precuneus (left hemisphere) | Instance 3
p26913_i3	Volume of precuneus (right hemisphere) | Instance 3
p26813_i3	Volume of rostralanteriorcingulate (left hemisphere) | Instance 3
p26914_i3	Volume of rostralanteriorcingulate (right hemisphere) | Instance 3
p26814_i3	Volume of rostralmiddlefrontal (left hemisphere) | Instance 3
p26915_i3	Volume of rostralmiddlefrontal (right hemisphere) | Instance 3
p26815_i3	Volume of superiorfrontal (left hemisphere) | Instance 3
p26916_i3	Volume of superiorfrontal (right hemisphere) | Instance 3
p26816_i3	Volume of superiorparietal (left hemisphere) | Instance 3
p26917_i3	Volume of superiorparietal (right hemisphere) | Instance 3
p26817_i3	Volume of superiortemporal (left hemisphere) | Instance 3
p26918_i3	Volume of superiortemporal (right hemisphere) | Instance 3
p26818_i3	Volume of supramarginal (left hemisphere) | Instance 3
p26919_i3	Volume of supramarginal (right hemisphere) | Instance 3
p26820_i3	Volume of transversetemporal (left hemisphere) | Instance 3
p26921_i3	Volume of transversetemporal (right hemisphere) | Instance 3
p26684_i3	Volume of AV (left hemisphere) | Instance 3
p26710_i3	Volume of AV (right hemisphere) | Instance 3
p26602_i3	Volume of Accessory-Basal-nucleus (left hemisphere) | Instance 3
p26612_i3	Volume of Accessory-Basal-nucleus (right hemisphere) | Instance 3
p26603_i3	Volume of Anterior-amygdaloid-area-AAA (left hemisphere) | Instance 3
p26613_i3	Volume of Anterior-amygdaloid-area-AAA (right hemisphere) | Instance 3
p26601_i3	Volume of Basal-nucleus (left hemisphere) | Instance 3
p26611_i3	Volume of Basal-nucleus (right hemisphere) | Instance 3
p26622_i3	Volume of CA1-body (left hemisphere) | Instance 3
p26644_i3	Volume of CA1-body (right hemisphere) | Instance 3
p26626_i3	Volume of CA1-head (left hemisphere) | Instance 3
p26648_i3	Volume of CA1-head (right hemisphere) | Instance 3
p26632_i3	Volume of CA3-body (left hemisphere) | Instance 3
p26654_i3	Volume of CA3-body (right hemisphere) | Instance 3
p26637_i3	Volume of CA3-head (left hemisphere) | Instance 3
p26659_i3	Volume of CA3-head (right hemisphere) | Instance 3
p26635_i3	Volume of CA4-body (left hemisphere) | Instance 3
p26657_i3	Volume of CA4-body (right hemisphere) | Instance 3
p26634_i3	Volume of CA4-head (left hemisphere) | Instance 3
p26656_i3	Volume of CA4-head (right hemisphere) | Instance 3
p26681_i3	Volume of CL (left hemisphere) | Instance 3
p26706_i3	Volume of CL (right hemisphere) | Instance 3
p26670_i3	Volume of CM (left hemisphere) | Instance 3
p26694_i3	Volume of CM (right hemisphere) | Instance 3
p26677_i3	Volume of CeM (left hemisphere) | Instance 3
p26703_i3	Volume of CeM (right hemisphere) | Instance 3
p26604_i3	Volume of Central-nucleus (left hemisphere) | Instance 3
p26614_i3	Volume of Central-nucleus (right hemisphere) | Instance 3
p26606_i3	Volume of Cortical-nucleus (left hemisphere) | Instance 3
p26616_i3	Volume of Cortical-nucleus (right hemisphere) | Instance 3
p26607_i3	Volume of Corticoamygdaloid-transitio (left hemisphere) | Instance 3
p26617_i3	Volume of Corticoamygdaloid-transitio (right hemisphere) | Instance 3
p26633_i3	Volume of GC-ML-DG-body (left hemisphere) | Instance 3
p26655_i3	Volume of GC-ML-DG-body (right hemisphere) | Instance 3
p26631_i3	Volume of GC-ML-DG-head (left hemisphere) | Instance 3
p26653_i3	Volume of GC-ML-DG-head (right hemisphere) | Instance 3
p26638_i3	Volume of HATA (left hemisphere) | Instance 3
p26660_i3	Volume of HATA (right hemisphere) | Instance 3
p26620_i3	Volume of Hippocampal-tail (left hemisphere) | Instance 3
p26642_i3	Volume of Hippocampal-tail (right hemisphere) | Instance 3
p26668_i3	Volume of L-Sg (left hemisphere) | Instance 3
p26692_i3	Volume of L-Sg (right hemisphere) | Instance 3
p26712_i3	Volume of LD (left hemisphere) | Instance 3
p26713_i3	Volume of LD (right hemisphere) | Instance 3
p26665_i3	Volume of LGN (left hemisphere) | Instance 3
p26688_i3	Volume of LGN (right hemisphere) | Instance 3
p26687_i3	Volume of LP (left hemisphere) | Instance 3
p26711_i3	Volume of LP (right hemisphere) | Instance 3
p26600_i3	Volume of Lateral-nucleus (left hemisphere) | Instance 3
p26610_i3	Volume of Lateral-nucleus (right hemisphere) | Instance 3
p26676_i3	Volume of MDl (left hemisphere) | Instance 3
p26700_i3	Volume of MDl (right hemisphere) | Instance 3
p26673_i3	Volume of MDm (left hemisphere) | Instance 3
p26697_i3	Volume of MDm (right hemisphere) | Instance 3
p26664_i3	Volume of MGN (left hemisphere) | Instance 3
p26689_i3	Volume of MGN (right hemisphere) | Instance 3
p26679_i3	Volume of MV(Re) (left hemisphere) | Instance 3
p26702_i3	Volume of MV(Re) (right hemisphere) | Instance 3
p26605_i3	Volume of Medial-nucleus (left hemisphere) | Instance 3
p26615_i3	Volume of Medial-nucleus (right hemisphere) | Instance 3
p26716_i3	Volume of Medulla (whole brain) | Instance 3
p26719_i3	Volume of Midbrain (whole brain) | Instance 3
p26608_i3	Volume of Paralaminar-nucleus (left hemisphere) | Instance 3
p26618_i3	Volume of Paralaminar-nucleus (right hemisphere) | Instance 3
p26685_i3	Volume of Pc (left hemisphere) | Instance 3
p26708_i3	Volume of Pc (right hemisphere) | Instance 3
p26674_i3	Volume of Pf (left hemisphere) | Instance 3
p26698_i3	Volume of Pf (right hemisphere) | Instance 3
p26717_i3	Volume of Pons (whole brain) | Instance 3
p26683_i3	Volume of Pt (left hemisphere) | Instance 3
p26709_i3	Volume of Pt (right hemisphere) | Instance 3
p26672_i3	Volume of PuA (left hemisphere) | Instance 3
p26696_i3	Volume of PuA (right hemisphere) | Instance 3
p26666_i3	Volume of PuI (left hemisphere) | Instance 3
p26690_i3	Volume of PuI (right hemisphere) | Instance 3
p26682_i3	Volume of PuL (left hemisphere) | Instance 3
p26705_i3	Volume of PuL (right hemisphere) | Instance 3
p26667_i3	Volume of PuM (left hemisphere) | Instance 3
p26691_i3	Volume of PuM (right hemisphere) | Instance 3
p26718_i3	Volume of SCP (whole brain) | Instance 3
p26678_i3	Volume of VA (left hemisphere) | Instance 3
p26701_i3	Volume of VA (right hemisphere) | Instance 3
p26675_i3	Volume of VAmc (left hemisphere) | Instance 3
p26699_i3	Volume of VAmc (right hemisphere) | Instance 3
p26671_i3	Volume of VLa (left hemisphere) | Instance 3
p26695_i3	Volume of VLa (right hemisphere) | Instance 3
p26686_i3	Volume of VLp (left hemisphere) | Instance 3
p26707_i3	Volume of VLp (right hemisphere) | Instance 3
p26680_i3	Volume of VM (left hemisphere) | Instance 3
p26704_i3	Volume of VM (right hemisphere) | Instance 3
p26669_i3	Volume of VPL (left hemisphere) | Instance 3
p26693_i3	Volume of VPL (right hemisphere) | Instance 3
p26609_i3	Volume of Whole-amygdala (left hemisphere) | Instance 3
p26619_i3	Volume of Whole-amygdala (right hemisphere) | Instance 3
p26720_i3	Volume of Whole-brainstem (whole brain) | Instance 3
p26639_i3	Volume of Whole-hippocampal-body (left hemisphere) | Instance 3
p26661_i3	Volume of Whole-hippocampal-body (right hemisphere) | Instance 3
p26640_i3	Volume of Whole-hippocampal-head (left hemisphere) | Instance 3
p26662_i3	Volume of Whole-hippocampal-head (right hemisphere) | Instance 3
p26641_i3	Volume of Whole-hippocampus (left hemisphere) | Instance 3
p26663_i3	Volume of Whole-hippocampus (right hemisphere) | Instance 3
p26714_i3	Volume of Whole-thalamus (left hemisphere) | Instance 3
p26715_i3	Volume of Whole-thalamus (right hemisphere) | Instance 3
p26636_i3	Volume of fimbria (left hemisphere) | Instance 3
p26658_i3	Volume of fimbria (right hemisphere) | Instance 3
p26624_i3	Volume of hippocampal-fissure (left hemisphere) | Instance 3
p26646_i3	Volume of hippocampal-fissure (right hemisphere) | Instance 3
p26630_i3	Volume of molecular-layer-HP-body (left hemisphere) | Instance 3
p26652_i3	Volume of molecular-layer-HP-body (right hemisphere) | Instance 3
p26629_i3	Volume of molecular-layer-HP-head (left hemisphere) | Instance 3
p26651_i3	Volume of molecular-layer-HP-head (right hemisphere) | Instance 3
p26628_i3	Volume of parasubiculum (left hemisphere) | Instance 3
p26650_i3	Volume of parasubiculum (right hemisphere) | Instance 3
p26627_i3	Volume of presubiculum-body (left hemisphere) | Instance 3
p26649_i3	Volume of presubiculum-body (right hemisphere) | Instance 3
p26625_i3	Volume of presubiculum-head (left hemisphere) | Instance 3
p26647_i3	Volume of presubiculum-head (right hemisphere) | Instance 3
p26621_i3	Volume of subiculum-body (left hemisphere) | Instance 3
p26643_i3	Volume of subiculum-body (right hemisphere) | Instance 3
p26623_i3	Volume of subiculum-head (left hemisphere) | Instance 3
p26645_i3	Volume of subiculum-head (right hemisphere) | Instance 3
p25925_i3	Intensity scaling for T1 | Instance 3
p26500_i3	T2-FLAIR used (in addition to T1) to run FreeSurfer | Instance 3
p25733_i3	Amount of warping applied to non-linearly align T1 brain image to standard-space | Instance 3
p25731_i3	Discrepancy between T1 brain image and standard-space brain template (linearly-aligned) | Instance 3
p25732_i3	Discrepancy between T1 brain image and standard-space brain template (nonlinearly-aligned) | Instance 3
p25735_i3	Inverted contrast-to-noise ratio in T1 | Instance 3
p25734_i3	Inverted signal-to-noise ratio in T1 | Instance 3
p25000_i3	Volumetric scaling from T1 head image to standard space | Instance 3
p25010_i3	Volume of brain, grey+white matter | Instance 3
p25009_i3	Volume of brain, grey+white matter (normalised for head size) | Instance 3
p25008_i3	Volume of white matter | Instance 3
p25007_i3	Volume of white matter (normalised for head size) | Instance 3
p25006_i3	Volume of grey matter | Instance 3
p25005_i3	Volume of grey matter (normalised for head size) | Instance 3
p25002_i3	Volume of peripheral cortical grey matter | Instance 3
p25001_i3	Volume of peripheral cortical grey matter (normalised for head size) | Instance 3
p25004_i3	Volume of ventricular cerebrospinal fluid | Instance 3
p25003_i3	Volume of ventricular cerebrospinal fluid (normalised for head size) | Instance 3
p25025_i3	Volume of brain stem + 4th ventricle | Instance 3
p25756_i3	Scanner lateral (X) brain position | Instance 3
p25757_i3	Scanner transverse (Y) brain position | Instance 3
p25758_i3	Scanner longitudinal (Z) brain position | Instance 3
p25759_i3	Scanner table position | Instance 3
p25926_i3	Intensity scaling for T2_FLAIR | Instance 3
p24486_i3	Total volume of deep white matter hyperintensities | Instance 3
p24485_i3	Total volume of peri-ventricular white matter hyperintensities | Instance 3
p25781_i3	Total volume of white matter hyperintensities (from T1 and T2_FLAIR images) | Instance 3
p25736_i3	Discrepancy between T2 FLAIR brain image and T1 brain image | Instance 3
p24405_i3	Mean ATT in Caudate (left) | Instance 3
p24404_i3	Mean ATT in Caudate (right) | Instance 3
p24388_i3	Mean ATT in Cerebellum in grey matter (left) | Instance 3
p24387_i3	Mean ATT in Cerebellum in grey matter (right) | Instance 3
p24390_i3	Mean ATT in Frontal Lobe in grey matter (left) | Instance 3
p24389_i3	Mean ATT in Frontal Lobe in grey matter (right) | Instance 3
p24398_i3	Mean ATT in Internal Carotid Artery vascular territory in grey matter (left) | Instance 3
p24397_i3	Mean ATT in Internal Carotid Artery vascular territory in grey matter (right) | Instance 3
p24392_i3	Mean ATT in Occipital Lobe in grey matter (left) | Instance 3
p24391_i3	Mean ATT in Occipital Lobe in grey matter (right) | Instance 3
p24394_i3	Mean ATT in Parietal Lobe in grey matter (left) | Instance 3
p24393_i3	Mean ATT in Parietal Lobe in grey matter (right) | Instance 3
p24407_i3	Mean ATT in Putamen (left) | Instance 3
p24406_i3	Mean ATT in Putamen (right) | Instance 3
p24396_i3	Mean ATT in Temporal Lobe in grey matter (left) | Instance 3
p24395_i3	Mean ATT in Temporal Lobe in grey matter (right) | Instance 3
p24409_i3	Mean ATT in Thalamus (left) | Instance 3
p24408_i3	Mean ATT in Thalamus (right) | Instance 3
p24399_i3	Mean ATT in VertebroBasilar Arteries vascular territories in grey matter | Instance 3
p24402_i3	Mean ATT in cerebrum in white matter (left) | Instance 3
p24403_i3	Mean ATT in cerebrum in white matter (right) | Instance 3
p24401_i3	Mean ATT in cerebrum in white matter and >50% cerebral partial volume | Instance 3
p24386_i3	Mean ATT in cortex in grey matter | Instance 3
p24385_i3	Mean ATT in whole brain in grey matter | Instance 3
p24400_i3	Mean ATT in whole brain in white matter | Instance 3
p24380_i3	Mean CBF in Caudate (left) | Instance 3
p24379_i3	Mean CBF in Caudate (right) | Instance 3
p24363_i3	Mean CBF in Cerebellum in grey matter (left) | Instance 3
p24362_i3	Mean CBF in Cerebellum in grey matter (right) | Instance 3
p24365_i3	Mean CBF in Frontal Lobe in grey matter (left) | Instance 3
p24364_i3	Mean CBF in Frontal Lobe in grey matter (right) | Instance 3
p24373_i3	Mean CBF in Internal Carotid Artery vascular territory in grey matter (left) | Instance 3
p24372_i3	Mean CBF in Internal Carotid Artery vascular territory in grey matter (right) | Instance 3
p24367_i3	Mean CBF in Occipital Lobe in grey matter (left) | Instance 3
p24366_i3	Mean CBF in Occipital Lobe in grey matter (right) | Instance 3
p24369_i3	Mean CBF in Parietal Lobe in grey matter (left) | Instance 3
p24368_i3	Mean CBF in Parietal Lobe in grey matter (right) | Instance 3
p24382_i3	Mean CBF in Putamen (left) | Instance 3
p24381_i3	Mean CBF in Putamen (right) | Instance 3
p24371_i3	Mean CBF in Temporal Lobe in grey matter (left) | Instance 3
p24370_i3	Mean CBF in Temporal Lobe in grey matter (right) | Instance 3
p24384_i3	Mean CBF in Thalamus (left) | Instance 3
p24383_i3	Mean CBF in Thalamus (right) | Instance 3
p24374_i3	Mean CBF in VertebroBasilar Arteries vascular territories in grey matter | Instance 3
p24377_i3	Mean CBF in cerebrum in white matter (left) | Instance 3
p24378_i3	Mean CBF in cerebrum in white matter (right) | Instance 3
p24376_i3	Mean CBF in cerebrum in white matter and >50% cerebral partial volume | Instance 3
p24361_i3	Mean CBF in cortex in grey matter | Instance 3
p24360_i3	Mean CBF in whole brain in grey matter | Instance 3
p24375_i3	Mean CBF in whole brain in white matter | Instance 3
p24446_i3	90th percentile of absolute head motion from tfMRI  | Instance 3
p24449_i3	90th percentile of relative head motion from tfMRI  | Instance 3
p25924_i3	Echo Time for tfMRI | Instance 3
p25930_i3	Intensity scaling for tfMRI | Instance 3
p24444_i3	Mean absolute head motion from tfMRI  | Instance 3
p24447_i3	Mean relative head motion from tfMRI  | Instance 3
p24445_i3	Median absolute head motion from tfMRI  | Instance 3
p24448_i3	Median relative head motion from tfMRI  | Instance 3
p25740_i3	Discrepancy between tfMRI brain image and T1 brain image | Instance 3
p12651_i3	Duration of eprime test | Instance 3
p12706_i3	Eprime error flag | Instance 3
p25767_i3	90th percentile of BOLD effect (in group-defined amygdala activation mask) for faces-shapes contrast | Instance 3
p25763_i3	90th percentile of BOLD effect (in group-defined mask) for faces activation | Instance 3
p25761_i3	90th percentile of BOLD effect (in group-defined mask) for shapes activation | Instance 3
p25765_i3	90th percentile of BOLD effect (in group-defined mask) for faces-shapes contrast | Instance 3
p25768_i3	90th percentile of z-statistic (in group-defined amygdala activation mask) for faces-shapes contrast | Instance 3
p25764_i3	90th percentile of z-statistic (in group-defined mask) for faces activation | Instance 3
p25762_i3	90th percentile of z-statistic (in group-defined mask) for shapes activation | Instance 3
p25766_i3	90th percentile of z-statistic (in group-defined mask) for faces-shapes contrast | Instance 3
p25745_i3	Inverted temporal signal-to-noise ratio in pre-processed tfMRI | Instance 3
p25742_i3	Mean tfMRI head motion, averaged across space and time points | Instance 3
p25052_i3	Median BOLD effect (in group-defined amygdala activation mask) for faces-shapes contrast | Instance 3
p25044_i3	Median BOLD effect (in group-defined mask) for faces activation | Instance 3
p25040_i3	Median BOLD effect (in group-defined mask) for shapes activation | Instance 3
p25048_i3	Median BOLD effect (in group-defined mask) for faces-shapes contrast | Instance 3
p25054_i3	Median z-statistic (in group-defined amygdala activation mask) for faces-shapes contrast | Instance 3
p25046_i3	Median z-statistic (in group-defined mask) for faces activation | Instance 3
p25042_i3	Median z-statistic (in group-defined mask) for shapes activation | Instance 3
p25050_i3	Median z-statistic (in group-defined mask) for faces-shapes contrast | Instance 3
p12139_i3	Believed safe to perform brain MRI scan | Instance 3
p12187_i3	Brain MRI measuring method | Instance 3
p12188_i3	Operator indicated brain MRI measurement completed | Instance 3
p24452_i3	90th percentile of absolute head motion from dMRI  | Instance 3
p24455_i3	90th percentile of relative head motion from dMRI  | Instance 3
p25921_i3	Increased search space in eddy current estimation used for dMRI | Instance 3
p25928_i3	Intensity scaling for dMRI | Instance 3
p24450_i3	Mean absolute head motion from dMRI  | Instance 3
p24453_i3	Mean relative head motion from dMRI  | Instance 3
p24451_i3	Median absolute head motion from dMRI  | Instance 3
p24454_i3	Median relative head motion from dMRI  | Instance 3
p24456_i3	Number of slices that Eddy estimated to be outliers in dMRI data | Instance 3
p25922_i3	Standard deviation of apparent translation in the Y axis as measured by eddy | Instance 3
p25737_i3	Discrepancy between dMRI brain image and T1 brain image | Instance 3
p25746_i3	Number of dMRI outlier slices detected and corrected | Instance 3
p25079_i3	Mean FA in anterior corona radiata on FA skeleton (left) | Instance 3
p25078_i3	Mean FA in anterior corona radiata on FA skeleton (right) | Instance 3
p25073_i3	Mean FA in anterior limb of internal capsule on FA skeleton (left) | Instance 3
p25072_i3	Mean FA in anterior limb of internal capsule on FA skeleton (right) | Instance 3
p25059_i3	Mean FA in body of corpus callosum on FA skeleton | Instance 3
p25071_i3	Mean FA in cerebral peduncle on FA skeleton (left) | Instance 3
p25070_i3	Mean FA in cerebral peduncle on FA skeleton (right) | Instance 3
p25091_i3	Mean FA in cingulum cingulate gyrus on FA skeleton (left) | Instance 3
p25090_i3	Mean FA in cingulum cingulate gyrus on FA skeleton (right) | Instance 3
p25093_i3	Mean FA in cingulum hippocampus on FA skeleton (left) | Instance 3
p25092_i3	Mean FA in cingulum hippocampus on FA skeleton (right) | Instance 3
p25063_i3	Mean FA in corticospinal tract on FA skeleton (left) | Instance 3
p25062_i3	Mean FA in corticospinal tract on FA skeleton (right) | Instance 3
p25089_i3	Mean FA in external capsule on FA skeleton (left) | Instance 3
p25088_i3	Mean FA in external capsule on FA skeleton (right) | Instance 3
p25095_i3	Mean FA in fornix cres+stria terminalis on FA skeleton (left) | Instance 3
p25094_i3	Mean FA in fornix cres+stria terminalis on FA skeleton (right) | Instance 3
p25061_i3	Mean FA in fornix on FA skeleton | Instance 3
p25058_i3	Mean FA in genu of corpus callosum on FA skeleton | Instance 3
p25067_i3	Mean FA in inferior cerebellar peduncle on FA skeleton (left) | Instance 3
p25066_i3	Mean FA in inferior cerebellar peduncle on FA skeleton (right) | Instance 3
p25065_i3	Mean FA in medial lemniscus on FA skeleton (left) | Instance 3
p25064_i3	Mean FA in medial lemniscus on FA skeleton (right) | Instance 3
p25056_i3	Mean FA in middle cerebellar peduncle on FA skeleton | Instance 3
p25057_i3	Mean FA in pontine crossing tract on FA skeleton | Instance 3
p25083_i3	Mean FA in posterior corona radiata on FA skeleton (left) | Instance 3
p25082_i3	Mean FA in posterior corona radiata on FA skeleton (right) | Instance 3
p25075_i3	Mean FA in posterior limb of internal capsule on FA skeleton (left) | Instance 3
p25074_i3	Mean FA in posterior limb of internal capsule on FA skeleton (right) | Instance 3
p25085_i3	Mean FA in posterior thalamic radiation on FA skeleton (left) | Instance 3
p25084_i3	Mean FA in posterior thalamic radiation on FA skeleton (right) | Instance 3
p25077_i3	Mean FA in retrolenticular part of internal capsule on FA skeleton (left) | Instance 3
p25076_i3	Mean FA in retrolenticular part of internal capsule on FA skeleton (right) | Instance 3
p25087_i3	Mean FA in sagittal stratum on FA skeleton (left) | Instance 3
p25086_i3	Mean FA in sagittal stratum on FA skeleton (right) | Instance 3
p25060_i3	Mean FA in splenium of corpus callosum on FA skeleton | Instance 3
p25069_i3	Mean FA in superior cerebellar peduncle on FA skeleton (left) | Instance 3
p25068_i3	Mean FA in superior cerebellar peduncle on FA skeleton (right) | Instance 3
p25081_i3	Mean FA in superior corona radiata on FA skeleton (left) | Instance 3
p25080_i3	Mean FA in superior corona radiata on FA skeleton (right) | Instance 3
p25099_i3	Mean FA in superior fronto-occipital fasciculus on FA skeleton (left) | Instance 3
p25098_i3	Mean FA in superior fronto-occipital fasciculus on FA skeleton (right) | Instance 3
p25097_i3	Mean FA in superior longitudinal fasciculus on FA skeleton (left) | Instance 3
p25096_i3	Mean FA in superior longitudinal fasciculus on FA skeleton (right) | Instance 3
p25103_i3	Mean FA in tapetum on FA skeleton (left) | Instance 3
p25102_i3	Mean FA in tapetum on FA skeleton (right) | Instance 3
p25101_i3	Mean FA in uncinate fasciculus on FA skeleton (left) | Instance 3
p25100_i3	Mean FA in uncinate fasciculus on FA skeleton (right) | Instance 3
p25367_i3	Mean ICVF in anterior corona radiata on FA skeleton (left) | Instance 3
p25366_i3	Mean ICVF in anterior corona radiata on FA skeleton (right) | Instance 3
p25361_i3	Mean ICVF in anterior limb of internal capsule on FA skeleton (left) | Instance 3
p25360_i3	Mean ICVF in anterior limb of internal capsule on FA skeleton (right) | Instance 3
p25347_i3	Mean ICVF in body of corpus callosum on FA skeleton | Instance 3
p25359_i3	Mean ICVF in cerebral peduncle on FA skeleton (left) | Instance 3
p25358_i3	Mean ICVF in cerebral peduncle on FA skeleton (right) | Instance 3
p25379_i3	Mean ICVF in cingulum cingulate gyrus on FA skeleton (left) | Instance 3
p25378_i3	Mean ICVF in cingulum cingulate gyrus on FA skeleton (right) | Instance 3
p25381_i3	Mean ICVF in cingulum hippocampus on FA skeleton (left) | Instance 3
p25380_i3	Mean ICVF in cingulum hippocampus on FA skeleton (right) | Instance 3
p25351_i3	Mean ICVF in corticospinal tract on FA skeleton (left) | Instance 3
p25350_i3	Mean ICVF in corticospinal tract on FA skeleton (right) | Instance 3
p25377_i3	Mean ICVF in external capsule on FA skeleton (left) | Instance 3
p25376_i3	Mean ICVF in external capsule on FA skeleton (right) | Instance 3
p25383_i3	Mean ICVF in fornix cres+stria terminalis on FA skeleton (left) | Instance 3
p25382_i3	Mean ICVF in fornix cres+stria terminalis on FA skeleton (right) | Instance 3
p25349_i3	Mean ICVF in fornix on FA skeleton | Instance 3
p25346_i3	Mean ICVF in genu of corpus callosum on FA skeleton | Instance 3
p25355_i3	Mean ICVF in inferior cerebellar peduncle on FA skeleton (left) | Instance 3
p25354_i3	Mean ICVF in inferior cerebellar peduncle on FA skeleton (right) | Instance 3
p25353_i3	Mean ICVF in medial lemniscus on FA skeleton (left) | Instance 3
p25352_i3	Mean ICVF in medial lemniscus on FA skeleton (right) | Instance 3
p25344_i3	Mean ICVF in middle cerebellar peduncle on FA skeleton | Instance 3
p25345_i3	Mean ICVF in pontine crossing tract on FA skeleton | Instance 3
p25371_i3	Mean ICVF in posterior corona radiata on FA skeleton (left) | Instance 3
p25370_i3	Mean ICVF in posterior corona radiata on FA skeleton (right) | Instance 3
p25363_i3	Mean ICVF in posterior limb of internal capsule on FA skeleton (left) | Instance 3
p25362_i3	Mean ICVF in posterior limb of internal capsule on FA skeleton (right) | Instance 3
p25373_i3	Mean ICVF in posterior thalamic radiation on FA skeleton (left) | Instance 3
p25372_i3	Mean ICVF in posterior thalamic radiation on FA skeleton (right) | Instance 3
p25365_i3	Mean ICVF in retrolenticular part of internal capsule on FA skeleton (left) | Instance 3
p25364_i3	Mean ICVF in retrolenticular part of internal capsule on FA skeleton (right) | Instance 3
p25375_i3	Mean ICVF in sagittal stratum on FA skeleton (left) | Instance 3
p25374_i3	Mean ICVF in sagittal stratum on FA skeleton (right) | Instance 3
p25348_i3	Mean ICVF in splenium of corpus callosum on FA skeleton | Instance 3
p25357_i3	Mean ICVF in superior cerebellar peduncle on FA skeleton (left) | Instance 3
p25356_i3	Mean ICVF in superior cerebellar peduncle on FA skeleton (right) | Instance 3
p25369_i3	Mean ICVF in superior corona radiata on FA skeleton (left) | Instance 3
p25368_i3	Mean ICVF in superior corona radiata on FA skeleton (right) | Instance 3
p25387_i3	Mean ICVF in superior fronto-occipital fasciculus on FA skeleton (left) | Instance 3
p25386_i3	Mean ICVF in superior fronto-occipital fasciculus on FA skeleton (right) | Instance 3
p25385_i3	Mean ICVF in superior longitudinal fasciculus on FA skeleton (left) | Instance 3
p25384_i3	Mean ICVF in superior longitudinal fasciculus on FA skeleton (right) | Instance 3
p25391_i3	Mean ICVF in tapetum on FA skeleton (left) | Instance 3
p25390_i3	Mean ICVF in tapetum on FA skeleton (right) | Instance 3
p25389_i3	Mean ICVF in uncinate fasciculus on FA skeleton (left) | Instance 3
p25388_i3	Mean ICVF in uncinate fasciculus on FA skeleton (right) | Instance 3
p25463_i3	Mean ISOVF in anterior corona radiata on FA skeleton (left) | Instance 3
p25462_i3	Mean ISOVF in anterior corona radiata on FA skeleton (right) | Instance 3
p25457_i3	Mean ISOVF in anterior limb of internal capsule on FA skeleton (left) | Instance 3
p25456_i3	Mean ISOVF in anterior limb of internal capsule on FA skeleton (right) | Instance 3
p25443_i3	Mean ISOVF in body of corpus callosum on FA skeleton | Instance 3
p25455_i3	Mean ISOVF in cerebral peduncle on FA skeleton (left) | Instance 3
p25454_i3	Mean ISOVF in cerebral peduncle on FA skeleton (right) | Instance 3
p25475_i3	Mean ISOVF in cingulum cingulate gyrus on FA skeleton (left) | Instance 3
p25474_i3	Mean ISOVF in cingulum cingulate gyrus on FA skeleton (right) | Instance 3
p25477_i3	Mean ISOVF in cingulum hippocampus on FA skeleton (left) | Instance 3
p25476_i3	Mean ISOVF in cingulum hippocampus on FA skeleton (right) | Instance 3
p25447_i3	Mean ISOVF in corticospinal tract on FA skeleton (left) | Instance 3
p25446_i3	Mean ISOVF in corticospinal tract on FA skeleton (right) | Instance 3
p25473_i3	Mean ISOVF in external capsule on FA skeleton (left) | Instance 3
p25472_i3	Mean ISOVF in external capsule on FA skeleton (right) | Instance 3
p25479_i3	Mean ISOVF in fornix cres+stria terminalis on FA skeleton (left) | Instance 3
p25478_i3	Mean ISOVF in fornix cres+stria terminalis on FA skeleton (right) | Instance 3
p25445_i3	Mean ISOVF in fornix on FA skeleton | Instance 3
p25442_i3	Mean ISOVF in genu of corpus callosum on FA skeleton | Instance 3
p25451_i3	Mean ISOVF in inferior cerebellar peduncle on FA skeleton (left) | Instance 3
p25450_i3	Mean ISOVF in inferior cerebellar peduncle on FA skeleton (right) | Instance 3
p25449_i3	Mean ISOVF in medial lemniscus on FA skeleton (left) | Instance 3
p25448_i3	Mean ISOVF in medial lemniscus on FA skeleton (right) | Instance 3
p25440_i3	Mean ISOVF in middle cerebellar peduncle on FA skeleton | Instance 3
p25441_i3	Mean ISOVF in pontine crossing tract on FA skeleton | Instance 3
p25467_i3	Mean ISOVF in posterior corona radiata on FA skeleton (left) | Instance 3
p25466_i3	Mean ISOVF in posterior corona radiata on FA skeleton (right) | Instance 3
p25459_i3	Mean ISOVF in posterior limb of internal capsule on FA skeleton (left) | Instance 3
p25458_i3	Mean ISOVF in posterior limb of internal capsule on FA skeleton (right) | Instance 3
p25469_i3	Mean ISOVF in posterior thalamic radiation on FA skeleton (left) | Instance 3
p25468_i3	Mean ISOVF in posterior thalamic radiation on FA skeleton (right) | Instance 3
p25461_i3	Mean ISOVF in retrolenticular part of internal capsule on FA skeleton (left) | Instance 3
p25460_i3	Mean ISOVF in retrolenticular part of internal capsule on FA skeleton (right) | Instance 3
p25471_i3	Mean ISOVF in sagittal stratum on FA skeleton (left) | Instance 3
p25470_i3	Mean ISOVF in sagittal stratum on FA skeleton (right) | Instance 3
p25444_i3	Mean ISOVF in splenium of corpus callosum on FA skeleton | Instance 3
p25453_i3	Mean ISOVF in superior cerebellar peduncle on FA skeleton (left) | Instance 3
p25452_i3	Mean ISOVF in superior cerebellar peduncle on FA skeleton (right) | Instance 3
p25465_i3	Mean ISOVF in superior corona radiata on FA skeleton (left) | Instance 3
p25464_i3	Mean ISOVF in superior corona radiata on FA skeleton (right) | Instance 3
p25483_i3	Mean ISOVF in superior fronto-occipital fasciculus on FA skeleton (left) | Instance 3
p25482_i3	Mean ISOVF in superior fronto-occipital fasciculus on FA skeleton (right) | Instance 3
p25481_i3	Mean ISOVF in superior longitudinal fasciculus on FA skeleton (left) | Instance 3
p25480_i3	Mean ISOVF in superior longitudinal fasciculus on FA skeleton (right) | Instance 3
p25487_i3	Mean ISOVF in tapetum on FA skeleton (left) | Instance 3
p25486_i3	Mean ISOVF in tapetum on FA skeleton (right) | Instance 3
p25485_i3	Mean ISOVF in uncinate fasciculus on FA skeleton (left) | Instance 3
p25484_i3	Mean ISOVF in uncinate fasciculus on FA skeleton (right) | Instance 3
p25223_i3	Mean L1 in anterior corona radiata on FA skeleton (left) | Instance 3
p25222_i3	Mean L1 in anterior corona radiata on FA skeleton (right) | Instance 3
p25217_i3	Mean L1 in anterior limb of internal capsule on FA skeleton (left) | Instance 3
p25216_i3	Mean L1 in anterior limb of internal capsule on FA skeleton (right) | Instance 3
p25203_i3	Mean L1 in body of corpus callosum on FA skeleton | Instance 3
p25215_i3	Mean L1 in cerebral peduncle on FA skeleton (left) | Instance 3
p25214_i3	Mean L1 in cerebral peduncle on FA skeleton (right) | Instance 3
p25235_i3	Mean L1 in cingulum cingulate gyrus on FA skeleton (left) | Instance 3
p25234_i3	Mean L1 in cingulum cingulate gyrus on FA skeleton (right) | Instance 3
p25237_i3	Mean L1 in cingulum hippocampus on FA skeleton (left) | Instance 3
p25236_i3	Mean L1 in cingulum hippocampus on FA skeleton (right) | Instance 3
p25207_i3	Mean L1 in corticospinal tract on FA skeleton (left) | Instance 3
p25206_i3	Mean L1 in corticospinal tract on FA skeleton (right) | Instance 3
p25233_i3	Mean L1 in external capsule on FA skeleton (left) | Instance 3
p25232_i3	Mean L1 in external capsule on FA skeleton (right) | Instance 3
p25239_i3	Mean L1 in fornix cres+stria terminalis on FA skeleton (left) | Instance 3
p25238_i3	Mean L1 in fornix cres+stria terminalis on FA skeleton (right) | Instance 3
p25205_i3	Mean L1 in fornix on FA skeleton | Instance 3
p25202_i3	Mean L1 in genu of corpus callosum on FA skeleton | Instance 3
p25211_i3	Mean L1 in inferior cerebellar peduncle on FA skeleton (left) | Instance 3
p25210_i3	Mean L1 in inferior cerebellar peduncle on FA skeleton (right) | Instance 3
p25209_i3	Mean L1 in medial lemniscus on FA skeleton (left) | Instance 3
p25208_i3	Mean L1 in medial lemniscus on FA skeleton (right) | Instance 3
p25200_i3	Mean L1 in middle cerebellar peduncle on FA skeleton | Instance 3
p25201_i3	Mean L1 in pontine crossing tract on FA skeleton | Instance 3
p25227_i3	Mean L1 in posterior corona radiata on FA skeleton (left) | Instance 3
p25226_i3	Mean L1 in posterior corona radiata on FA skeleton (right) | Instance 3
p25219_i3	Mean L1 in posterior limb of internal capsule on FA skeleton (left) | Instance 3
p25218_i3	Mean L1 in posterior limb of internal capsule on FA skeleton (right) | Instance 3
p25229_i3	Mean L1 in posterior thalamic radiation on FA skeleton (left) | Instance 3
p25228_i3	Mean L1 in posterior thalamic radiation on FA skeleton (right) | Instance 3
p25221_i3	Mean L1 in retrolenticular part of internal capsule on FA skeleton (left) | Instance 3
p25220_i3	Mean L1 in retrolenticular part of internal capsule on FA skeleton (right) | Instance 3
p25231_i3	Mean L1 in sagittal stratum on FA skeleton (left) | Instance 3
p25230_i3	Mean L1 in sagittal stratum on FA skeleton (right) | Instance 3
p25204_i3	Mean L1 in splenium of corpus callosum on FA skeleton | Instance 3
p25213_i3	Mean L1 in superior cerebellar peduncle on FA skeleton (left) | Instance 3
p25212_i3	Mean L1 in superior cerebellar peduncle on FA skeleton (right) | Instance 3
p25225_i3	Mean L1 in superior corona radiata on FA skeleton (left) | Instance 3
p25224_i3	Mean L1 in superior corona radiata on FA skeleton (right) | Instance 3
p25243_i3	Mean L1 in superior fronto-occipital fasciculus on FA skeleton (left) | Instance 3
p25242_i3	Mean L1 in superior fronto-occipital fasciculus on FA skeleton (right) | Instance 3
p25241_i3	Mean L1 in superior longitudinal fasciculus on FA skeleton (left) | Instance 3
p25240_i3	Mean L1 in superior longitudinal fasciculus on FA skeleton (right) | Instance 3
p25247_i3	Mean L1 in tapetum on FA skeleton (left) | Instance 3
p25246_i3	Mean L1 in tapetum on FA skeleton (right) | Instance 3
p25245_i3	Mean L1 in uncinate fasciculus on FA skeleton (left) | Instance 3
p25244_i3	Mean L1 in uncinate fasciculus on FA skeleton (right) | Instance 3
p25271_i3	Mean L2 in anterior corona radiata on FA skeleton (left) | Instance 3
p25270_i3	Mean L2 in anterior corona radiata on FA skeleton (right) | Instance 3
p25265_i3	Mean L2 in anterior limb of internal capsule on FA skeleton (left) | Instance 3
p25264_i3	Mean L2 in anterior limb of internal capsule on FA skeleton (right) | Instance 3
p25251_i3	Mean L2 in body of corpus callosum on FA skeleton | Instance 3
p25263_i3	Mean L2 in cerebral peduncle on FA skeleton (left) | Instance 3
p25262_i3	Mean L2 in cerebral peduncle on FA skeleton (right) | Instance 3
p25283_i3	Mean L2 in cingulum cingulate gyrus on FA skeleton (left) | Instance 3
p25282_i3	Mean L2 in cingulum cingulate gyrus on FA skeleton (right) | Instance 3
p25285_i3	Mean L2 in cingulum hippocampus on FA skeleton (left) | Instance 3
p25284_i3	Mean L2 in cingulum hippocampus on FA skeleton (right) | Instance 3
p25255_i3	Mean L2 in corticospinal tract on FA skeleton (left) | Instance 3
p25254_i3	Mean L2 in corticospinal tract on FA skeleton (right) | Instance 3
p25281_i3	Mean L2 in external capsule on FA skeleton (left) | Instance 3
p25280_i3	Mean L2 in external capsule on FA skeleton (right) | Instance 3
p25287_i3	Mean L2 in fornix cres+stria terminalis on FA skeleton (left) | Instance 3
p25286_i3	Mean L2 in fornix cres+stria terminalis on FA skeleton (right) | Instance 3
p25253_i3	Mean L2 in fornix on FA skeleton | Instance 3
p25250_i3	Mean L2 in genu of corpus callosum on FA skeleton | Instance 3
p25259_i3	Mean L2 in inferior cerebellar peduncle on FA skeleton (left) | Instance 3
p25258_i3	Mean L2 in inferior cerebellar peduncle on FA skeleton (right) | Instance 3
p25257_i3	Mean L2 in medial lemniscus on FA skeleton (left) | Instance 3
p25256_i3	Mean L2 in medial lemniscus on FA skeleton (right) | Instance 3
p25248_i3	Mean L2 in middle cerebellar peduncle on FA skeleton | Instance 3
p25249_i3	Mean L2 in pontine crossing tract on FA skeleton | Instance 3
p25275_i3	Mean L2 in posterior corona radiata on FA skeleton (left) | Instance 3
p25274_i3	Mean L2 in posterior corona radiata on FA skeleton (right) | Instance 3
p25267_i3	Mean L2 in posterior limb of internal capsule on FA skeleton (left) | Instance 3
p25266_i3	Mean L2 in posterior limb of internal capsule on FA skeleton (right) | Instance 3
p25277_i3	Mean L2 in posterior thalamic radiation on FA skeleton (left) | Instance 3
p25276_i3	Mean L2 in posterior thalamic radiation on FA skeleton (right) | Instance 3
p25269_i3	Mean L2 in retrolenticular part of internal capsule on FA skeleton (left) | Instance 3
p25268_i3	Mean L2 in retrolenticular part of internal capsule on FA skeleton (right) | Instance 3
p25279_i3	Mean L2 in sagittal stratum on FA skeleton (left) | Instance 3
p25278_i3	Mean L2 in sagittal stratum on FA skeleton (right) | Instance 3
p25252_i3	Mean L2 in splenium of corpus callosum on FA skeleton | Instance 3
p25261_i3	Mean L2 in superior cerebellar peduncle on FA skeleton (left) | Instance 3
p25260_i3	Mean L2 in superior cerebellar peduncle on FA skeleton (right) | Instance 3
p25273_i3	Mean L2 in superior corona radiata on FA skeleton (left) | Instance 3
p25272_i3	Mean L2 in superior corona radiata on FA skeleton (right) | Instance 3
p25291_i3	Mean L2 in superior fronto-occipital fasciculus on FA skeleton (left) | Instance 3
p25290_i3	Mean L2 in superior fronto-occipital fasciculus on FA skeleton (right) | Instance 3
p25289_i3	Mean L2 in superior longitudinal fasciculus on FA skeleton (left) | Instance 3
p25288_i3	Mean L2 in superior longitudinal fasciculus on FA skeleton (right) | Instance 3
p25295_i3	Mean L2 in tapetum on FA skeleton (left) | Instance 3
p25294_i3	Mean L2 in tapetum on FA skeleton (right) | Instance 3
p25293_i3	Mean L2 in uncinate fasciculus on FA skeleton (left) | Instance 3
p25292_i3	Mean L2 in uncinate fasciculus on FA skeleton (right) | Instance 3
p25319_i3	Mean L3 in anterior corona radiata on FA skeleton (left) | Instance 3
p25318_i3	Mean L3 in anterior corona radiata on FA skeleton (right) | Instance 3
p25313_i3	Mean L3 in anterior limb of internal capsule on FA skeleton (left) | Instance 3
p25312_i3	Mean L3 in anterior limb of internal capsule on FA skeleton (right) | Instance 3
p25299_i3	Mean L3 in body of corpus callosum on FA skeleton | Instance 3
p25311_i3	Mean L3 in cerebral peduncle on FA skeleton (left) | Instance 3
p25310_i3	Mean L3 in cerebral peduncle on FA skeleton (right) | Instance 3
p25331_i3	Mean L3 in cingulum cingulate gyrus on FA skeleton (left) | Instance 3
p25330_i3	Mean L3 in cingulum cingulate gyrus on FA skeleton (right) | Instance 3
p25333_i3	Mean L3 in cingulum hippocampus on FA skeleton (left) | Instance 3
p25332_i3	Mean L3 in cingulum hippocampus on FA skeleton (right) | Instance 3
p25303_i3	Mean L3 in corticospinal tract on FA skeleton (left) | Instance 3
p25302_i3	Mean L3 in corticospinal tract on FA skeleton (right) | Instance 3
p25329_i3	Mean L3 in external capsule on FA skeleton (left) | Instance 3
p25328_i3	Mean L3 in external capsule on FA skeleton (right) | Instance 3
p25335_i3	Mean L3 in fornix cres+stria terminalis on FA skeleton (left) | Instance 3
p25334_i3	Mean L3 in fornix cres+stria terminalis on FA skeleton (right) | Instance 3
p25301_i3	Mean L3 in fornix on FA skeleton | Instance 3
p25298_i3	Mean L3 in genu of corpus callosum on FA skeleton | Instance 3
p25307_i3	Mean L3 in inferior cerebellar peduncle on FA skeleton (left) | Instance 3
p25306_i3	Mean L3 in inferior cerebellar peduncle on FA skeleton (right) | Instance 3
p25305_i3	Mean L3 in medial lemniscus on FA skeleton (left) | Instance 3
p25304_i3	Mean L3 in medial lemniscus on FA skeleton (right) | Instance 3
p25296_i3	Mean L3 in middle cerebellar peduncle on FA skeleton | Instance 3
p25297_i3	Mean L3 in pontine crossing tract on FA skeleton | Instance 3
p25323_i3	Mean L3 in posterior corona radiata on FA skeleton (left) | Instance 3
p25322_i3	Mean L3 in posterior corona radiata on FA skeleton (right) | Instance 3
p25315_i3	Mean L3 in posterior limb of internal capsule on FA skeleton (left) | Instance 3
p25314_i3	Mean L3 in posterior limb of internal capsule on FA skeleton (right) | Instance 3
p25325_i3	Mean L3 in posterior thalamic radiation on FA skeleton (left) | Instance 3
p25324_i3	Mean L3 in posterior thalamic radiation on FA skeleton (right) | Instance 3
p25317_i3	Mean L3 in retrolenticular part of internal capsule on FA skeleton (left) | Instance 3
p25316_i3	Mean L3 in retrolenticular part of internal capsule on FA skeleton (right) | Instance 3
p25327_i3	Mean L3 in sagittal stratum on FA skeleton (left) | Instance 3
p25326_i3	Mean L3 in sagittal stratum on FA skeleton (right) | Instance 3
p25300_i3	Mean L3 in splenium of corpus callosum on FA skeleton | Instance 3
p25309_i3	Mean L3 in superior cerebellar peduncle on FA skeleton (left) | Instance 3
p25308_i3	Mean L3 in superior cerebellar peduncle on FA skeleton (right) | Instance 3
p25321_i3	Mean L3 in superior corona radiata on FA skeleton (left) | Instance 3
p25320_i3	Mean L3 in superior corona radiata on FA skeleton (right) | Instance 3
p25339_i3	Mean L3 in superior fronto-occipital fasciculus on FA skeleton (left) | Instance 3
p25338_i3	Mean L3 in superior fronto-occipital fasciculus on FA skeleton (right) | Instance 3
p25337_i3	Mean L3 in superior longitudinal fasciculus on FA skeleton (left) | Instance 3
p25336_i3	Mean L3 in superior longitudinal fasciculus on FA skeleton (right) | Instance 3
p25343_i3	Mean L3 in tapetum on FA skeleton (left) | Instance 3
p25342_i3	Mean L3 in tapetum on FA skeleton (right) | Instance 3
p25341_i3	Mean L3 in uncinate fasciculus on FA skeleton (left) | Instance 3
p25340_i3	Mean L3 in uncinate fasciculus on FA skeleton (right) | Instance 3
p25127_i3	Mean MD in anterior corona radiata on FA skeleton (left) | Instance 3
p25126_i3	Mean MD in anterior corona radiata on FA skeleton (right) | Instance 3
p25121_i3	Mean MD in anterior limb of internal capsule on FA skeleton (left) | Instance 3
p25120_i3	Mean MD in anterior limb of internal capsule on FA skeleton (right) | Instance 3
p25107_i3	Mean MD in body of corpus callosum on FA skeleton | Instance 3
p25119_i3	Mean MD in cerebral peduncle on FA skeleton (left) | Instance 3
p25118_i3	Mean MD in cerebral peduncle on FA skeleton (right) | Instance 3
p25139_i3	Mean MD in cingulum cingulate gyrus on FA skeleton (left) | Instance 3
p25138_i3	Mean MD in cingulum cingulate gyrus on FA skeleton (right) | Instance 3
p25141_i3	Mean MD in cingulum hippocampus on FA skeleton (left) | Instance 3
p25140_i3	Mean MD in cingulum hippocampus on FA skeleton (right) | Instance 3
p25111_i3	Mean MD in corticospinal tract on FA skeleton (left) | Instance 3
p25110_i3	Mean MD in corticospinal tract on FA skeleton (right) | Instance 3
p25137_i3	Mean MD in external capsule on FA skeleton (left) | Instance 3
p25136_i3	Mean MD in external capsule on FA skeleton (right) | Instance 3
p25143_i3	Mean MD in fornix cres+stria terminalis on FA skeleton (left) | Instance 3
p25142_i3	Mean MD in fornix cres+stria terminalis on FA skeleton (right) | Instance 3
p25109_i3	Mean MD in fornix on FA skeleton | Instance 3
p25106_i3	Mean MD in genu of corpus callosum on FA skeleton | Instance 3
p25115_i3	Mean MD in inferior cerebellar peduncle on FA skeleton (left) | Instance 3
p25114_i3	Mean MD in inferior cerebellar peduncle on FA skeleton (right) | Instance 3
p25113_i3	Mean MD in medial lemniscus on FA skeleton (left) | Instance 3
p25112_i3	Mean MD in medial lemniscus on FA skeleton (right) | Instance 3
p25104_i3	Mean MD in middle cerebellar peduncle on FA skeleton | Instance 3
p25105_i3	Mean MD in pontine crossing tract on FA skeleton | Instance 3
p25131_i3	Mean MD in posterior corona radiata on FA skeleton (left) | Instance 3
p25130_i3	Mean MD in posterior corona radiata on FA skeleton (right) | Instance 3
p25123_i3	Mean MD in posterior limb of internal capsule on FA skeleton (left) | Instance 3
p25122_i3	Mean MD in posterior limb of internal capsule on FA skeleton (right) | Instance 3
p25133_i3	Mean MD in posterior thalamic radiation on FA skeleton (left) | Instance 3
p25132_i3	Mean MD in posterior thalamic radiation on FA skeleton (right) | Instance 3
p25125_i3	Mean MD in retrolenticular part of internal capsule on FA skeleton (left) | Instance 3
p25124_i3	Mean MD in retrolenticular part of internal capsule on FA skeleton (right) | Instance 3
p25135_i3	Mean MD in sagittal stratum on FA skeleton (left) | Instance 3
p25134_i3	Mean MD in sagittal stratum on FA skeleton (right) | Instance 3
p25108_i3	Mean MD in splenium of corpus callosum on FA skeleton | Instance 3
p25117_i3	Mean MD in superior cerebellar peduncle on FA skeleton (left) | Instance 3
p25116_i3	Mean MD in superior cerebellar peduncle on FA skeleton (right) | Instance 3
p25129_i3	Mean MD in superior corona radiata on FA skeleton (left) | Instance 3
p25128_i3	Mean MD in superior corona radiata on FA skeleton (right) | Instance 3
p25147_i3	Mean MD in superior fronto-occipital fasciculus on FA skeleton (left) | Instance 3
p25146_i3	Mean MD in superior fronto-occipital fasciculus on FA skeleton (right) | Instance 3
p25145_i3	Mean MD in superior longitudinal fasciculus on FA skeleton (left) | Instance 3
p25144_i3	Mean MD in superior longitudinal fasciculus on FA skeleton (right) | Instance 3
p25151_i3	Mean MD in tapetum on FA skeleton (left) | Instance 3
p25150_i3	Mean MD in tapetum on FA skeleton (right) | Instance 3
p25149_i3	Mean MD in uncinate fasciculus on FA skeleton (left) | Instance 3
p25148_i3	Mean MD in uncinate fasciculus on FA skeleton (right) | Instance 3
p25175_i3	Mean MO in anterior corona radiata on FA skeleton (left) | Instance 3
p25174_i3	Mean MO in anterior corona radiata on FA skeleton (right) | Instance 3
p25169_i3	Mean MO in anterior limb of internal capsule on FA skeleton (left) | Instance 3
p25168_i3	Mean MO in anterior limb of internal capsule on FA skeleton (right) | Instance 3
p25155_i3	Mean MO in body of corpus callosum on FA skeleton | Instance 3
p25167_i3	Mean MO in cerebral peduncle on FA skeleton (left) | Instance 3
p25166_i3	Mean MO in cerebral peduncle on FA skeleton (right) | Instance 3
p25187_i3	Mean MO in cingulum cingulate gyrus on FA skeleton (left) | Instance 3
p25186_i3	Mean MO in cingulum cingulate gyrus on FA skeleton (right) | Instance 3
p25189_i3	Mean MO in cingulum hippocampus on FA skeleton (left) | Instance 3
p25188_i3	Mean MO in cingulum hippocampus on FA skeleton (right) | Instance 3
p25159_i3	Mean MO in corticospinal tract on FA skeleton (left) | Instance 3
p25158_i3	Mean MO in corticospinal tract on FA skeleton (right) | Instance 3
p25185_i3	Mean MO in external capsule on FA skeleton (left) | Instance 3
p25184_i3	Mean MO in external capsule on FA skeleton (right) | Instance 3
p25191_i3	Mean MO in fornix cres+stria terminalis on FA skeleton (left) | Instance 3
p25190_i3	Mean MO in fornix cres+stria terminalis on FA skeleton (right) | Instance 3
p25157_i3	Mean MO in fornix on FA skeleton | Instance 3
p25154_i3	Mean MO in genu of corpus callosum on FA skeleton | Instance 3
p25163_i3	Mean MO in inferior cerebellar peduncle on FA skeleton (left) | Instance 3
p25162_i3	Mean MO in inferior cerebellar peduncle on FA skeleton (right) | Instance 3
p25161_i3	Mean MO in medial lemniscus on FA skeleton (left) | Instance 3
p25160_i3	Mean MO in medial lemniscus on FA skeleton (right) | Instance 3
p25152_i3	Mean MO in middle cerebellar peduncle on FA skeleton | Instance 3
p25153_i3	Mean MO in pontine crossing tract on FA skeleton | Instance 3
p25179_i3	Mean MO in posterior corona radiata on FA skeleton (left) | Instance 3
p25178_i3	Mean MO in posterior corona radiata on FA skeleton (right) | Instance 3
p25171_i3	Mean MO in posterior limb of internal capsule on FA skeleton (left) | Instance 3
p25170_i3	Mean MO in posterior limb of internal capsule on FA skeleton (right) | Instance 3
p25181_i3	Mean MO in posterior thalamic radiation on FA skeleton (left) | Instance 3
p25180_i3	Mean MO in posterior thalamic radiation on FA skeleton (right) | Instance 3
p25173_i3	Mean MO in retrolenticular part of internal capsule on FA skeleton (left) | Instance 3
p25172_i3	Mean MO in retrolenticular part of internal capsule on FA skeleton (right) | Instance 3
p25183_i3	Mean MO in sagittal stratum on FA skeleton (left) | Instance 3
p25182_i3	Mean MO in sagittal stratum on FA skeleton (right) | Instance 3
p25156_i3	Mean MO in splenium of corpus callosum on FA skeleton | Instance 3
p25165_i3	Mean MO in superior cerebellar peduncle on FA skeleton (left) | Instance 3
p25164_i3	Mean MO in superior cerebellar peduncle on FA skeleton (right) | Instance 3
p25177_i3	Mean MO in superior corona radiata on FA skeleton (left) | Instance 3
p25176_i3	Mean MO in superior corona radiata on FA skeleton (right) | Instance 3
p25195_i3	Mean MO in superior fronto-occipital fasciculus on FA skeleton (left) | Instance 3
p25194_i3	Mean MO in superior fronto-occipital fasciculus on FA skeleton (right) | Instance 3
p25193_i3	Mean MO in superior longitudinal fasciculus on FA skeleton (left) | Instance 3
p25192_i3	Mean MO in superior longitudinal fasciculus on FA skeleton (right) | Instance 3
p25199_i3	Mean MO in tapetum on FA skeleton (left) | Instance 3
p25198_i3	Mean MO in tapetum on FA skeleton (right) | Instance 3
p25197_i3	Mean MO in uncinate fasciculus on FA skeleton (left) | Instance 3
p25196_i3	Mean MO in uncinate fasciculus on FA skeleton (right) | Instance 3
p25415_i3	Mean OD in anterior corona radiata on FA skeleton (left) | Instance 3
p25414_i3	Mean OD in anterior corona radiata on FA skeleton (right) | Instance 3
p25409_i3	Mean OD in anterior limb of internal capsule on FA skeleton (left) | Instance 3
p25408_i3	Mean OD in anterior limb of internal capsule on FA skeleton (right) | Instance 3
p25395_i3	Mean OD in body of corpus callosum on FA skeleton | Instance 3
p25407_i3	Mean OD in cerebral peduncle on FA skeleton (left) | Instance 3
p25406_i3	Mean OD in cerebral peduncle on FA skeleton (right) | Instance 3
p25427_i3	Mean OD in cingulum cingulate gyrus on FA skeleton (left) | Instance 3
p25426_i3	Mean OD in cingulum cingulate gyrus on FA skeleton (right) | Instance 3
p25429_i3	Mean OD in cingulum hippocampus on FA skeleton (left) | Instance 3
p25428_i3	Mean OD in cingulum hippocampus on FA skeleton (right) | Instance 3
p25399_i3	Mean OD in corticospinal tract on FA skeleton (left) | Instance 3
p25398_i3	Mean OD in corticospinal tract on FA skeleton (right) | Instance 3
p25425_i3	Mean OD in external capsule on FA skeleton (left) | Instance 3
p25424_i3	Mean OD in external capsule on FA skeleton (right) | Instance 3
p25431_i3	Mean OD in fornix cres+stria terminalis on FA skeleton (left) | Instance 3
p25430_i3	Mean OD in fornix cres+stria terminalis on FA skeleton (right) | Instance 3
p25397_i3	Mean OD in fornix on FA skeleton | Instance 3
p25394_i3	Mean OD in genu of corpus callosum on FA skeleton | Instance 3
p25403_i3	Mean OD in inferior cerebellar peduncle on FA skeleton (left) | Instance 3
p25402_i3	Mean OD in inferior cerebellar peduncle on FA skeleton (right) | Instance 3
p25401_i3	Mean OD in medial lemniscus on FA skeleton (left) | Instance 3
p25400_i3	Mean OD in medial lemniscus on FA skeleton (right) | Instance 3
p25392_i3	Mean OD in middle cerebellar peduncle on FA skeleton | Instance 3
p25393_i3	Mean OD in pontine crossing tract on FA skeleton | Instance 3
p25419_i3	Mean OD in posterior corona radiata on FA skeleton (left) | Instance 3
p25418_i3	Mean OD in posterior corona radiata on FA skeleton (right) | Instance 3
p25411_i3	Mean OD in posterior limb of internal capsule on FA skeleton (left) | Instance 3
p25410_i3	Mean OD in posterior limb of internal capsule on FA skeleton (right) | Instance 3
p25421_i3	Mean OD in posterior thalamic radiation on FA skeleton (left) | Instance 3
p25420_i3	Mean OD in posterior thalamic radiation on FA skeleton (right) | Instance 3
p25413_i3	Mean OD in retrolenticular part of internal capsule on FA skeleton (left) | Instance 3
p25412_i3	Mean OD in retrolenticular part of internal capsule on FA skeleton (right) | Instance 3
p25423_i3	Mean OD in sagittal stratum on FA skeleton (left) | Instance 3
p25422_i3	Mean OD in sagittal stratum on FA skeleton (right) | Instance 3
p25396_i3	Mean OD in splenium of corpus callosum on FA skeleton | Instance 3
p25405_i3	Mean OD in superior cerebellar peduncle on FA skeleton (left) | Instance 3
p25404_i3	Mean OD in superior cerebellar peduncle on FA skeleton (right) | Instance 3
p25417_i3	Mean OD in superior corona radiata on FA skeleton (left) | Instance 3
p25416_i3	Mean OD in superior corona radiata on FA skeleton (right) | Instance 3
p25435_i3	Mean OD in superior fronto-occipital fasciculus on FA skeleton (left) | Instance 3
p25434_i3	Mean OD in superior fronto-occipital fasciculus on FA skeleton (right) | Instance 3
p25433_i3	Mean OD in superior longitudinal fasciculus on FA skeleton (left) | Instance 3
p25432_i3	Mean OD in superior longitudinal fasciculus on FA skeleton (right) | Instance 3
p25439_i3	Mean OD in tapetum on FA skeleton (left) | Instance 3
p25438_i3	Mean OD in tapetum on FA skeleton (right) | Instance 3
p25437_i3	Mean OD in uncinate fasciculus on FA skeleton (left) | Instance 3
p25436_i3	Mean OD in uncinate fasciculus on FA skeleton (right) | Instance 3
p25488_i3	Weighted-mean FA in tract acoustic radiation (left) | Instance 3
p25489_i3	Weighted-mean FA in tract acoustic radiation (right) | Instance 3
p25490_i3	Weighted-mean FA in tract anterior thalamic radiation (left) | Instance 3
p25491_i3	Weighted-mean FA in tract anterior thalamic radiation (right) | Instance 3
p25492_i3	Weighted-mean FA in tract cingulate gyrus part of cingulum (left) | Instance 3
p25493_i3	Weighted-mean FA in tract cingulate gyrus part of cingulum (right) | Instance 3
p25496_i3	Weighted-mean FA in tract corticospinal tract (left) | Instance 3
p25497_i3	Weighted-mean FA in tract corticospinal tract (right) | Instance 3
p25498_i3	Weighted-mean FA in tract forceps major | Instance 3
p25499_i3	Weighted-mean FA in tract forceps minor | Instance 3
p25500_i3	Weighted-mean FA in tract inferior fronto-occipital fasciculus (left) | Instance 3
p25501_i3	Weighted-mean FA in tract inferior fronto-occipital fasciculus (right) | Instance 3
p25502_i3	Weighted-mean FA in tract inferior longitudinal fasciculus (left) | Instance 3
p25503_i3	Weighted-mean FA in tract inferior longitudinal fasciculus (right) | Instance 3
p25505_i3	Weighted-mean FA in tract medial lemniscus (left) | Instance 3
p25506_i3	Weighted-mean FA in tract medial lemniscus (right) | Instance 3
p25504_i3	Weighted-mean FA in tract middle cerebellar peduncle | Instance 3
p25494_i3	Weighted-mean FA in tract parahippocampal part of cingulum (left) | Instance 3
p25495_i3	Weighted-mean FA in tract parahippocampal part of cingulum (right) | Instance 3
p25507_i3	Weighted-mean FA in tract posterior thalamic radiation (left) | Instance 3
p25508_i3	Weighted-mean FA in tract posterior thalamic radiation (right) | Instance 3
p25509_i3	Weighted-mean FA in tract superior longitudinal fasciculus (left) | Instance 3
p25510_i3	Weighted-mean FA in tract superior longitudinal fasciculus (right) | Instance 3
p25511_i3	Weighted-mean FA in tract superior thalamic radiation (left) | Instance 3
p25512_i3	Weighted-mean FA in tract superior thalamic radiation (right) | Instance 3
p25513_i3	Weighted-mean FA in tract uncinate fasciculus (left) | Instance 3
p25514_i3	Weighted-mean FA in tract uncinate fasciculus (right) | Instance 3
p25650_i3	Weighted-mean ICVF in tract acoustic radiation (left) | Instance 3
p25651_i3	Weighted-mean ICVF in tract acoustic radiation (right) | Instance 3
p25652_i3	Weighted-mean ICVF in tract anterior thalamic radiation (left) | Instance 3
p25653_i3	Weighted-mean ICVF in tract anterior thalamic radiation (right) | Instance 3
p25654_i3	Weighted-mean ICVF in tract cingulate gyrus part of cingulum (left) | Instance 3
p25655_i3	Weighted-mean ICVF in tract cingulate gyrus part of cingulum (right) | Instance 3
p25658_i3	Weighted-mean ICVF in tract corticospinal tract (left) | Instance 3
p25659_i3	Weighted-mean ICVF in tract corticospinal tract (right) | Instance 3
p25660_i3	Weighted-mean ICVF in tract forceps major | Instance 3
p25661_i3	Weighted-mean ICVF in tract forceps minor | Instance 3
p25662_i3	Weighted-mean ICVF in tract inferior fronto-occipital fasciculus (left) | Instance 3
p25663_i3	Weighted-mean ICVF in tract inferior fronto-occipital fasciculus (right) | Instance 3
p25664_i3	Weighted-mean ICVF in tract inferior longitudinal fasciculus (left) | Instance 3
p25665_i3	Weighted-mean ICVF in tract inferior longitudinal fasciculus (right) | Instance 3
p25667_i3	Weighted-mean ICVF in tract medial lemniscus (left) | Instance 3
p25668_i3	Weighted-mean ICVF in tract medial lemniscus (right) | Instance 3
p25666_i3	Weighted-mean ICVF in tract middle cerebellar peduncle | Instance 3
p25656_i3	Weighted-mean ICVF in tract parahippocampal part of cingulum (left) | Instance 3
p25657_i3	Weighted-mean ICVF in tract parahippocampal part of cingulum (right) | Instance 3
p25669_i3	Weighted-mean ICVF in tract posterior thalamic radiation (left) | Instance 3
p25670_i3	Weighted-mean ICVF in tract posterior thalamic radiation (right) | Instance 3
p25671_i3	Weighted-mean ICVF in tract superior longitudinal fasciculus (left) | Instance 3
p25672_i3	Weighted-mean ICVF in tract superior longitudinal fasciculus (right) | Instance 3
p25673_i3	Weighted-mean ICVF in tract superior thalamic radiation (left) | Instance 3
p25674_i3	Weighted-mean ICVF in tract superior thalamic radiation (right) | Instance 3
p25675_i3	Weighted-mean ICVF in tract uncinate fasciculus (left) | Instance 3
p25676_i3	Weighted-mean ICVF in tract uncinate fasciculus (right) | Instance 3
p25704_i3	Weighted-mean ISOVF in tract acoustic radiation (left) | Instance 3
p25705_i3	Weighted-mean ISOVF in tract acoustic radiation (right) | Instance 3
p25706_i3	Weighted-mean ISOVF in tract anterior thalamic radiation (left) | Instance 3
p25707_i3	Weighted-mean ISOVF in tract anterior thalamic radiation (right) | Instance 3
p25708_i3	Weighted-mean ISOVF in tract cingulate gyrus part of cingulum (left) | Instance 3
p25709_i3	Weighted-mean ISOVF in tract cingulate gyrus part of cingulum (right) | Instance 3
p25712_i3	Weighted-mean ISOVF in tract corticospinal tract (left) | Instance 3
p25713_i3	Weighted-mean ISOVF in tract corticospinal tract (right) | Instance 3
p25714_i3	Weighted-mean ISOVF in tract forceps major | Instance 3
p25715_i3	Weighted-mean ISOVF in tract forceps minor | Instance 3
p25716_i3	Weighted-mean ISOVF in tract inferior fronto-occipital fasciculus (left) | Instance 3
p25717_i3	Weighted-mean ISOVF in tract inferior fronto-occipital fasciculus (right) | Instance 3
p25718_i3	Weighted-mean ISOVF in tract inferior longitudinal fasciculus (left) | Instance 3
p25719_i3	Weighted-mean ISOVF in tract inferior longitudinal fasciculus (right) | Instance 3
p25721_i3	Weighted-mean ISOVF in tract medial lemniscus (left) | Instance 3
p25722_i3	Weighted-mean ISOVF in tract medial lemniscus (right) | Instance 3
p25720_i3	Weighted-mean ISOVF in tract middle cerebellar peduncle | Instance 3
p25710_i3	Weighted-mean ISOVF in tract parahippocampal part of cingulum (left) | Instance 3
p25711_i3	Weighted-mean ISOVF in tract parahippocampal part of cingulum (right) | Instance 3
p25723_i3	Weighted-mean ISOVF in tract posterior thalamic radiation (left) | Instance 3
p25724_i3	Weighted-mean ISOVF in tract posterior thalamic radiation (right) | Instance 3
p25725_i3	Weighted-mean ISOVF in tract superior longitudinal fasciculus (left) | Instance 3
p25726_i3	Weighted-mean ISOVF in tract superior longitudinal fasciculus (right) | Instance 3
p25727_i3	Weighted-mean ISOVF in tract superior thalamic radiation (left) | Instance 3
p25728_i3	Weighted-mean ISOVF in tract superior thalamic radiation (right) | Instance 3
p25729_i3	Weighted-mean ISOVF in tract uncinate fasciculus (left) | Instance 3
p25730_i3	Weighted-mean ISOVF in tract uncinate fasciculus (right) | Instance 3
p25569_i3	Weighted-mean L1 in tract acoustic radiation (left) | Instance 3
p25570_i3	Weighted-mean L1 in tract acoustic radiation (right) | Instance 3
p25571_i3	Weighted-mean L1 in tract anterior thalamic radiation (left) | Instance 3
p25572_i3	Weighted-mean L1 in tract anterior thalamic radiation (right) | Instance 3
p25573_i3	Weighted-mean L1 in tract cingulate gyrus part of cingulum (left) | Instance 3
p25574_i3	Weighted-mean L1 in tract cingulate gyrus part of cingulum (right) | Instance 3
p25577_i3	Weighted-mean L1 in tract corticospinal tract (left) | Instance 3
p25578_i3	Weighted-mean L1 in tract corticospinal tract (right) | Instance 3
p25579_i3	Weighted-mean L1 in tract forceps major | Instance 3
p25580_i3	Weighted-mean L1 in tract forceps minor | Instance 3
p25581_i3	Weighted-mean L1 in tract inferior fronto-occipital fasciculus (left) | Instance 3
p25582_i3	Weighted-mean L1 in tract inferior fronto-occipital fasciculus (right) | Instance 3
p25583_i3	Weighted-mean L1 in tract inferior longitudinal fasciculus (left) | Instance 3
p25584_i3	Weighted-mean L1 in tract inferior longitudinal fasciculus (right) | Instance 3
p25586_i3	Weighted-mean L1 in tract medial lemniscus (left) | Instance 3
p25587_i3	Weighted-mean L1 in tract medial lemniscus (right) | Instance 3
p25585_i3	Weighted-mean L1 in tract middle cerebellar peduncle | Instance 3
p25575_i3	Weighted-mean L1 in tract parahippocampal part of cingulum (left) | Instance 3
p25576_i3	Weighted-mean L1 in tract parahippocampal part of cingulum (right) | Instance 3
p25588_i3	Weighted-mean L1 in tract posterior thalamic radiation (left) | Instance 3
p25589_i3	Weighted-mean L1 in tract posterior thalamic radiation (right) | Instance 3
p25590_i3	Weighted-mean L1 in tract superior longitudinal fasciculus (left) | Instance 3
p25591_i3	Weighted-mean L1 in tract superior longitudinal fasciculus (right) | Instance 3
p25592_i3	Weighted-mean L1 in tract superior thalamic radiation (left) | Instance 3
p25593_i3	Weighted-mean L1 in tract superior thalamic radiation (right) | Instance 3
p25594_i3	Weighted-mean L1 in tract uncinate fasciculus (left) | Instance 3
p25595_i3	Weighted-mean L1 in tract uncinate fasciculus (right) | Instance 3
p25596_i3	Weighted-mean L2 in tract acoustic radiation (left) | Instance 3
p25597_i3	Weighted-mean L2 in tract acoustic radiation (right) | Instance 3
p25598_i3	Weighted-mean L2 in tract anterior thalamic radiation (left) | Instance 3
p25599_i3	Weighted-mean L2 in tract anterior thalamic radiation (right) | Instance 3
p25600_i3	Weighted-mean L2 in tract cingulate gyrus part of cingulum (left) | Instance 3
p25601_i3	Weighted-mean L2 in tract cingulate gyrus part of cingulum (right) | Instance 3
p25604_i3	Weighted-mean L2 in tract corticospinal tract (left) | Instance 3
p25605_i3	Weighted-mean L2 in tract corticospinal tract (right) | Instance 3
p25606_i3	Weighted-mean L2 in tract forceps major | Instance 3
p25607_i3	Weighted-mean L2 in tract forceps minor | Instance 3
p25608_i3	Weighted-mean L2 in tract inferior fronto-occipital fasciculus (left) | Instance 3
p25609_i3	Weighted-mean L2 in tract inferior fronto-occipital fasciculus (right) | Instance 3
p25610_i3	Weighted-mean L2 in tract inferior longitudinal fasciculus (left) | Instance 3
p25611_i3	Weighted-mean L2 in tract inferior longitudinal fasciculus (right) | Instance 3
p25613_i3	Weighted-mean L2 in tract medial lemniscus (left) | Instance 3
p25614_i3	Weighted-mean L2 in tract medial lemniscus (right) | Instance 3
p25612_i3	Weighted-mean L2 in tract middle cerebellar peduncle | Instance 3
p25602_i3	Weighted-mean L2 in tract parahippocampal part of cingulum (left) | Instance 3
p25603_i3	Weighted-mean L2 in tract parahippocampal part of cingulum (right) | Instance 3
p25615_i3	Weighted-mean L2 in tract posterior thalamic radiation (left) | Instance 3
p25616_i3	Weighted-mean L2 in tract posterior thalamic radiation (right) | Instance 3
p25617_i3	Weighted-mean L2 in tract superior longitudinal fasciculus (left) | Instance 3
p25618_i3	Weighted-mean L2 in tract superior longitudinal fasciculus (right) | Instance 3
p25619_i3	Weighted-mean L2 in tract superior thalamic radiation (left) | Instance 3
p25620_i3	Weighted-mean L2 in tract superior thalamic radiation (right) | Instance 3
p25621_i3	Weighted-mean L2 in tract uncinate fasciculus (left) | Instance 3
p25622_i3	Weighted-mean L2 in tract uncinate fasciculus (right) | Instance 3
p25623_i3	Weighted-mean L3 in tract acoustic radiation (left) | Instance 3
p25624_i3	Weighted-mean L3 in tract acoustic radiation (right) | Instance 3
p25625_i3	Weighted-mean L3 in tract anterior thalamic radiation (left) | Instance 3
p25626_i3	Weighted-mean L3 in tract anterior thalamic radiation (right) | Instance 3
p25627_i3	Weighted-mean L3 in tract cingulate gyrus part of cingulum (left) | Instance 3
p25628_i3	Weighted-mean L3 in tract cingulate gyrus part of cingulum (right) | Instance 3
p25631_i3	Weighted-mean L3 in tract corticospinal tract (left) | Instance 3
p25632_i3	Weighted-mean L3 in tract corticospinal tract (right) | Instance 3
p25633_i3	Weighted-mean L3 in tract forceps major | Instance 3
p25634_i3	Weighted-mean L3 in tract forceps minor | Instance 3
p25635_i3	Weighted-mean L3 in tract inferior fronto-occipital fasciculus (left) | Instance 3
p25636_i3	Weighted-mean L3 in tract inferior fronto-occipital fasciculus (right) | Instance 3
p25637_i3	Weighted-mean L3 in tract inferior longitudinal fasciculus (left) | Instance 3
p25638_i3	Weighted-mean L3 in tract inferior longitudinal fasciculus (right) | Instance 3
p25640_i3	Weighted-mean L3 in tract medial lemniscus (left) | Instance 3
p25641_i3	Weighted-mean L3 in tract medial lemniscus (right) | Instance 3
p25639_i3	Weighted-mean L3 in tract middle cerebellar peduncle | Instance 3
p25629_i3	Weighted-mean L3 in tract parahippocampal part of cingulum (left) | Instance 3
p25630_i3	Weighted-mean L3 in tract parahippocampal part of cingulum (right) | Instance 3
p25642_i3	Weighted-mean L3 in tract posterior thalamic radiation (left) | Instance 3
p25643_i3	Weighted-mean L3 in tract posterior thalamic radiation (right) | Instance 3
p25644_i3	Weighted-mean L3 in tract superior longitudinal fasciculus (left) | Instance 3
p25645_i3	Weighted-mean L3 in tract superior longitudinal fasciculus (right) | Instance 3
p25646_i3	Weighted-mean L3 in tract superior thalamic radiation (left) | Instance 3
p25647_i3	Weighted-mean L3 in tract superior thalamic radiation (right) | Instance 3
p25648_i3	Weighted-mean L3 in tract uncinate fasciculus (left) | Instance 3
p25649_i3	Weighted-mean L3 in tract uncinate fasciculus (right) | Instance 3
p25515_i3	Weighted-mean MD in tract acoustic radiation (left) | Instance 3
p25516_i3	Weighted-mean MD in tract acoustic radiation (right) | Instance 3
p25517_i3	Weighted-mean MD in tract anterior thalamic radiation (left) | Instance 3
p25518_i3	Weighted-mean MD in tract anterior thalamic radiation (right) | Instance 3
p25519_i3	Weighted-mean MD in tract cingulate gyrus part of cingulum (left) | Instance 3
p25520_i3	Weighted-mean MD in tract cingulate gyrus part of cingulum (right) | Instance 3
p25523_i3	Weighted-mean MD in tract corticospinal tract (left) | Instance 3
p25524_i3	Weighted-mean MD in tract corticospinal tract (right) | Instance 3
p25525_i3	Weighted-mean MD in tract forceps major | Instance 3
p25526_i3	Weighted-mean MD in tract forceps minor | Instance 3
p25527_i3	Weighted-mean MD in tract inferior fronto-occipital fasciculus (left) | Instance 3
p25528_i3	Weighted-mean MD in tract inferior fronto-occipital fasciculus (right) | Instance 3
p25529_i3	Weighted-mean MD in tract inferior longitudinal fasciculus (left) | Instance 3
p25530_i3	Weighted-mean MD in tract inferior longitudinal fasciculus (right) | Instance 3
p25532_i3	Weighted-mean MD in tract medial lemniscus (left) | Instance 3
p25533_i3	Weighted-mean MD in tract medial lemniscus (right) | Instance 3
p25531_i3	Weighted-mean MD in tract middle cerebellar peduncle | Instance 3
p25521_i3	Weighted-mean MD in tract parahippocampal part of cingulum (left) | Instance 3
p25522_i3	Weighted-mean MD in tract parahippocampal part of cingulum (right) | Instance 3
p25534_i3	Weighted-mean MD in tract posterior thalamic radiation (left) | Instance 3
p25535_i3	Weighted-mean MD in tract posterior thalamic radiation (right) | Instance 3
p25536_i3	Weighted-mean MD in tract superior longitudinal fasciculus (left) | Instance 3
p25537_i3	Weighted-mean MD in tract superior longitudinal fasciculus (right) | Instance 3
p25538_i3	Weighted-mean MD in tract superior thalamic radiation (left) | Instance 3
p25539_i3	Weighted-mean MD in tract superior thalamic radiation (right) | Instance 3
p25540_i3	Weighted-mean MD in tract uncinate fasciculus (left) | Instance 3
p25541_i3	Weighted-mean MD in tract uncinate fasciculus (right) | Instance 3
p25542_i3	Weighted-mean MO in tract acoustic radiation (left) | Instance 3
p25543_i3	Weighted-mean MO in tract acoustic radiation (right) | Instance 3
p25544_i3	Weighted-mean MO in tract anterior thalamic radiation (left) | Instance 3
p25545_i3	Weighted-mean MO in tract anterior thalamic radiation (right) | Instance 3
p25546_i3	Weighted-mean MO in tract cingulate gyrus part of cingulum (left) | Instance 3
p25547_i3	Weighted-mean MO in tract cingulate gyrus part of cingulum (right) | Instance 3
p25550_i3	Weighted-mean MO in tract corticospinal tract (left) | Instance 3
p25551_i3	Weighted-mean MO in tract corticospinal tract (right) | Instance 3
p25552_i3	Weighted-mean MO in tract forceps major | Instance 3
p25553_i3	Weighted-mean MO in tract forceps minor | Instance 3
p25554_i3	Weighted-mean MO in tract inferior fronto-occipital fasciculus (left) | Instance 3
p25555_i3	Weighted-mean MO in tract inferior fronto-occipital fasciculus (right) | Instance 3
p25556_i3	Weighted-mean MO in tract inferior longitudinal fasciculus (left) | Instance 3
p25557_i3	Weighted-mean MO in tract inferior longitudinal fasciculus (right) | Instance 3
p25559_i3	Weighted-mean MO in tract medial lemniscus (left) | Instance 3
p25560_i3	Weighted-mean MO in tract medial lemniscus (right) | Instance 3
p25558_i3	Weighted-mean MO in tract middle cerebellar peduncle | Instance 3
p25548_i3	Weighted-mean MO in tract parahippocampal part of cingulum (left) | Instance 3
p25549_i3	Weighted-mean MO in tract parahippocampal part of cingulum (right) | Instance 3
p25561_i3	Weighted-mean MO in tract posterior thalamic radiation (left) | Instance 3
p25562_i3	Weighted-mean MO in tract posterior thalamic radiation (right) | Instance 3
p25563_i3	Weighted-mean MO in tract superior longitudinal fasciculus (left) | Instance 3
p25564_i3	Weighted-mean MO in tract superior longitudinal fasciculus (right) | Instance 3
p25565_i3	Weighted-mean MO in tract superior thalamic radiation (left) | Instance 3
p25566_i3	Weighted-mean MO in tract superior thalamic radiation (right) | Instance 3
p25567_i3	Weighted-mean MO in tract uncinate fasciculus (left) | Instance 3
p25568_i3	Weighted-mean MO in tract uncinate fasciculus (right) | Instance 3
p25677_i3	Weighted-mean OD in tract acoustic radiation (left) | Instance 3
p25678_i3	Weighted-mean OD in tract acoustic radiation (right) | Instance 3
p25679_i3	Weighted-mean OD in tract anterior thalamic radiation (left) | Instance 3
p25680_i3	Weighted-mean OD in tract anterior thalamic radiation (right) | Instance 3
p25681_i3	Weighted-mean OD in tract cingulate gyrus part of cingulum (left) | Instance 3
p25682_i3	Weighted-mean OD in tract cingulate gyrus part of cingulum (right) | Instance 3
p25685_i3	Weighted-mean OD in tract corticospinal tract (left) | Instance 3
p25686_i3	Weighted-mean OD in tract corticospinal tract (right) | Instance 3
p25687_i3	Weighted-mean OD in tract forceps major | Instance 3
p25688_i3	Weighted-mean OD in tract forceps minor | Instance 3
p25689_i3	Weighted-mean OD in tract inferior fronto-occipital fasciculus (left) | Instance 3
p25690_i3	Weighted-mean OD in tract inferior fronto-occipital fasciculus (right) | Instance 3
p25691_i3	Weighted-mean OD in tract inferior longitudinal fasciculus (left) | Instance 3
p25692_i3	Weighted-mean OD in tract inferior longitudinal fasciculus (right) | Instance 3
p25694_i3	Weighted-mean OD in tract medial lemniscus (left) | Instance 3
p25695_i3	Weighted-mean OD in tract medial lemniscus (right) | Instance 3
p25693_i3	Weighted-mean OD in tract middle cerebellar peduncle | Instance 3
p25683_i3	Weighted-mean OD in tract parahippocampal part of cingulum (left) | Instance 3
p25684_i3	Weighted-mean OD in tract parahippocampal part of cingulum (right) | Instance 3
p25696_i3	Weighted-mean OD in tract posterior thalamic radiation (left) | Instance 3
p25697_i3	Weighted-mean OD in tract posterior thalamic radiation (right) | Instance 3
p25698_i3	Weighted-mean OD in tract superior longitudinal fasciculus (left) | Instance 3
p25699_i3	Weighted-mean OD in tract superior longitudinal fasciculus (right) | Instance 3
p25700_i3	Weighted-mean OD in tract superior thalamic radiation (left) | Instance 3
p25701_i3	Weighted-mean OD in tract superior thalamic radiation (right) | Instance 3
p25702_i3	Weighted-mean OD in tract uncinate fasciculus (left) | Instance 3
p25703_i3	Weighted-mean OD in tract uncinate fasciculus (right) | Instance 3
p25927_i3	Intensity scaling for SWI | Instance 3
p24483_i3	Median T2star in substantia nigra (left) | Instance 3
p24484_i3	Median T2star in substantia nigra (right) | Instance 3
p24479_i3	Median magnetic susceptibility in accumbens (left) | Instance 3
p24480_i3	Median magnetic susceptibility in accumbens (right) | Instance 3
p24477_i3	Median magnetic susceptibility in amygdala (left) | Instance 3
p24478_i3	Median magnetic susceptibility in amygdala (right) | Instance 3
p24469_i3	Median magnetic susceptibility in caudate (left) | Instance 3
p24470_i3	Median magnetic susceptibility in caudate (right) | Instance 3
p24475_i3	Median magnetic susceptibility in hippocampus (left) | Instance 3
p24476_i3	Median magnetic susceptibility in hippocampus (right) | Instance 3
p24473_i3	Median magnetic susceptibility in pallidum (left) | Instance 3
p24474_i3	Median magnetic susceptibility in pallidum (right) | Instance 3
p24471_i3	Median magnetic susceptibility in putamen (left) | Instance 3
p24472_i3	Median magnetic susceptibility in putamen (right) | Instance 3
p24481_i3	Median magnetic susceptibility in substantia nigra (left) | Instance 3
p24482_i3	Median magnetic susceptibility in substantia nigra (right) | Instance 3
p24467_i3	Median magnetic susceptibility in thalamus (left) | Instance 3
p24468_i3	Median magnetic susceptibility in thalamus (right) | Instance 3
p24418_i3	Whether a temporary protocol change affected SWI | Instance 3
p25738_i3	Discrepancy between SWI brain image and T1 brain image | Instance 3
p25038_i3	Median T2star in accumbens (left) | Instance 3
p25039_i3	Median T2star in accumbens (right) | Instance 3
p25036_i3	Median T2star in amygdala (left) | Instance 3
p25037_i3	Median T2star in amygdala (right) | Instance 3
p25028_i3	Median T2star in caudate (left) | Instance 3
p25029_i3	Median T2star in caudate (right) | Instance 3
p25034_i3	Median T2star in hippocampus (left) | Instance 3
p25035_i3	Median T2star in hippocampus (right) | Instance 3
p25032_i3	Median T2star in pallidum (left) | Instance 3
p25033_i3	Median T2star in pallidum (right) | Instance 3
p25030_i3	Median T2star in putamen (left) | Instance 3
p25031_i3	Median T2star in putamen (right) | Instance 3
p25026_i3	Median T2star in thalamus (left) | Instance 3
p25027_i3	Median T2star in thalamus (right) | Instance 3
p24440_i3	90th percentile of absolute head motion from rfMRI  | Instance 3
p24459_i3	90th percentile of mean (across space) in-plane displacement from rfMRI | Instance 3
p24462_i3	90th percentile of mean (across space) of Z displacement from rfMRI | Instance 3
p24464_i3	90th percentile of mean (across time) in-plane displacement from rfMRI | Instance 3
p24466_i3	90th percentile of mean (across time) of Z displacement from rfMRI | Instance 3
p24443_i3	90th percentile of relative head motion from rfMRI  | Instance 3
p24434_i3	DVARS 90th percentile D from cleaned rfMRI | Instance 3
p24425_i3	DVARS 90th percentile D from uncleaned rfMRI | Instance 3
p24431_i3	DVARS 90th percentile S from cleaned rfMRI | Instance 3
p24422_i3	DVARS 90th percentile S from uncleaned rfMRI | Instance 3
p24437_i3	DVARS 90th percentile SD from cleaned rfMRI | Instance 3
p24428_i3	DVARS 90th percentile SD from uncleaned rfMRI | Instance 3
p24432_i3	DVARS Mean D from cleaned rfMRI | Instance 3
p24423_i3	DVARS Mean D from uncleaned rfMRI | Instance 3
p24429_i3	DVARS Mean S from cleaned rfMRI | Instance 3
p24420_i3	DVARS Mean S from uncleaned rfMRI | Instance 3
p24435_i3	DVARS Mean SD from cleaned rfMRI | Instance 3
p24426_i3	DVARS Mean SD from uncleaned rfMRI | Instance 3
p24433_i3	DVARS Median D from cleaned rfMRI | Instance 3
p24424_i3	DVARS Median D from uncleaned rfMRI | Instance 3
p24430_i3	DVARS Median S from cleaned rfMRI | Instance 3
p24421_i3	DVARS Median S from uncleaned rfMRI | Instance 3
p24436_i3	DVARS Median SD from cleaned rfMRI | Instance 3
p24427_i3	DVARS Median SD from uncleaned rfMRI | Instance 3
p25923_i3	Echo Time for rfMRI | Instance 3
p25929_i3	Intensity scaling for rfMRI | Instance 3
p24438_i3	Mean absolute head motion from rfMRI  | Instance 3
p24457_i3	Mean of mean (across space) in-plane displacement from rfMRI | Instance 3
p24460_i3	Mean of mean (across space) of Z displacement from rfMRI | Instance 3
p24441_i3	Mean relative head motion from rfMRI  | Instance 3
p24439_i3	Median absolute head motion from rfMRI  | Instance 3
p24458_i3	Median of mean (across space) in-plane displacement from rfMRI | Instance 3
p24461_i3	Median of mean (across space) of Z displacement from rfMRI | Instance 3
p24463_i3	Median of mean (across time) in-plane displacement from rfMRI | Instance 3
p24465_i3	Median of mean (across time) of Z displacement from rfMRI | Instance 3
p24442_i3	Median relative head motion from rfMRI  | Instance 3
p25739_i3	Discrepancy between rfMRI brain image and T1 brain image | Instance 3
p25741_i3	Mean rfMRI head motion, averaged across space and time points | Instance 3
p25744_i3	Inverted temporal signal-to-noise ratio in artefact-cleaned pre-processed rfMRI | Instance 3
p25743_i3	Inverted temporal signal-to-noise ratio in pre-processed rfMRI | Instance 3
p22000	Genotype measurement batch
p22007	Genotype measurement plate
p22008	Genotype measurement well
p22001	Genetic sex
p22021	Genetic kinship to other participants
p22006	Genetic ethnic grouping
p22019	Sex chromosome aneuploidy
p22027	Outliers for heterozygosity or missing rate
p22003	Heterozygosity
p22004	Heterozygosity, PCA corrected
p22005	Missingness
p22020	Used in genetic principal components
p22022	Sex inference X probe-intensity
p22023	Sex inference Y probe-intensity
p22025	"Affymetrix quality control metric ""Cluster.CR"""
p22026	"Affymetrix quality control metric ""dQC"""
p22024	DNA concentration
p22028	Use in phasing Chromosomes 1-22
p22029	Use in phasing Chromosome X
p22030	Use in phasing Chromosome XY
p26202	Standard PRS for age at menopause (AAM)
p26204	Standard PRS for age-related macular degeneration (AMD)
p26206	Standard PRS for alzheimer's disease (AD)
p26210	Standard PRS for asthma (AST)
p26212	Standard PRS for atrial fibrillation (AF)
p26214	Standard PRS for bipolar disorder (BD)
p26216	Standard PRS for body mass index (BMI)
p26218	Standard PRS for bowel cancer (CRC)
p26220	Standard PRS for breast cancer (BC)
p26223	Standard PRS for cardiovascular disease (CVD)
p26225	Standard PRS for coeliac disease (CED)
p26227	Standard PRS for coronary artery disease (CAD)
p26229	Standard PRS for crohn's disease (CD)
p26232	Standard PRS for epithelial ovarian cancer (EOC)
p26234	Standard PRS for estimated bone mineral density t-score (EBMDT)
p26238	Standard PRS for glycated haemoglobin (HBA1C_DF)
p26240	Standard PRS for height (HEIGHT)
p26242	Standard PRS for high density lipoprotein cholesterol (HDL)
p26244	Standard PRS for hypertension (HT)
p26246	Standard PRS for intraocular pressure (IOP)
p26248	Standard PRS for ischaemic stroke (ISS)
p26250	Standard PRS for low density lipoprotein cholesterol (LDL_SF)
p26252	Standard PRS for melanoma (MEL)
p26254	Standard PRS for multiple sclerosis (MS)
p26258	Standard PRS for osteoporosis (OP)
p26260	Standard PRS for parkinson's disease (PD)
p26265	Standard PRS for primary open angle glaucoma (POAG)
p26267	Standard PRS for prostate cancer (PC)
p26269	Standard PRS for psoriasis (PSO)
p21150	Standard PRS for resting heart rate (RHR)
p26273	Standard PRS for rheumatoid arthritis (RA)
p26275	Standard PRS for schizophrenia (SCZ)
p26278	Standard PRS for systemic lupus erythematosus (SLE)
p21151	Standard PRS for total cholesterol (TCH)
p21152	Standard PRS for total triglyceride (TTG)
p26283	Standard PRS for type 1 diabetes (T1D)
p26285	Standard PRS for type 2 diabetes (T2D)
p26287	Standard PRS for ulcerative colitis (UC)
p26289	Standard PRS for venous thromboembolic disease (VTE)
p26203	Enhanced PRS for age at menopause (AAM)
p26205	Enhanced PRS for age-related macular degeneration (AMD)
p26207	Enhanced PRS for alzheimer's disease (AD)
p26208	Enhanced PRS for apolipoprotein a1 (APOEA)
p26209	Enhanced PRS for apolipoprotein b (APOEB)
p26211	Enhanced PRS for asthma (AST)
p26213	Enhanced PRS for atrial fibrillation (AF)
p26215	Enhanced PRS for bipolar disorder (BD)
p26217	Enhanced PRS for body mass index (BMI)
p26219	Enhanced PRS for bowel cancer (CRC)
p26221	Enhanced PRS for breast cancer (BC)
p26222	Enhanced PRS for calcium (CAL)
p26224	Enhanced PRS for cardiovascular disease (CVD)
p26226	Enhanced PRS for coeliac disease (CED)
p26228	Enhanced PRS for coronary artery disease (CAD)
p26231	Enhanced PRS for docosahexaenoic acid (DOA)
p26233	Enhanced PRS for epithelial ovarian cancer (EOC)
p26235	Enhanced PRS for estimated bone mineral density t-score (EBMDT)
p26236	Enhanced PRS for estimated glomerular filtration rate (creatinine based) (EGCR)
p26237	Enhanced PRS for estimated glomerular filtration rate (cystatin based) (EGCY)
p26239	Enhanced PRS for glycated haemoglobin (HBA1C_DF)
p26241	Enhanced PRS for height (HEIGHT)
p26243	Enhanced PRS for high density lipoprotein cholesterol (HDL)
p26245	Enhanced PRS for hypertension (HT)
p26247	Enhanced PRS for intraocular pressure (IOP)
p26249	Enhanced PRS for ischaemic stroke (ISS)
p26251	Enhanced PRS for low density lipoprotein cholesterol (LDL_SF)
p26253	Enhanced PRS for melanoma (MEL)
p26255	Enhanced PRS for multiple sclerosis (MS)
p26256	Enhanced PRS for omega-3 fatty acids (OTFA)
p26257	Enhanced PRS for omega-6 fatty acids (OSFA)
p26259	Enhanced PRS for osteoporosis (OP)
p26261	Enhanced PRS for parkinson's disease (PD)
p26262	Enhanced PRS for phosphatidylcholines (PDCL)
p26263	Enhanced PRS for phosphoglycerides (PHG)
p26264	Enhanced PRS for polyunsaturated fatty acids (PFA)
p26266	Enhanced PRS for primary open angle glaucoma (POAG)
p26268	Enhanced PRS for prostate cancer (PC)
p26270	Enhanced PRS for psoriasis (PSO)
p26271	Enhanced PRS for remnant cholesterol (Non-HDL, Non-LDL cholesterol) (RMNC)
p26272	Enhanced PRS for resting heart rate (RHR)
p26274	Enhanced PRS for rheumatoid arthritis (RA)
p26276	Enhanced PRS for schizophrenia (SCZ)
p26277	Enhanced PRS for sphingomyelins (SGM)
p26279	Enhanced PRS for systemic lupus erythematosus (SLE)
p26280	Enhanced PRS for total cholesterol (TCH)
p26281	Enhanced PRS for total fatty acids (TFA)
p26282	Enhanced PRS for total triglycerides (TTG)
p26284	Enhanced PRS for type 1 diabetes (T1D)
p26286	Enhanced PRS for type 2 diabetes (T2D)
p26290	Enhanced PRS for venous thromboembolic disease (VTE)
p21022	Age at recruitment
p52	Month of birth
p22189	Townsend deprivation index at recruitment
p26433	Access to services score (Scotland)
p26422	Access to services score (Wales)
p26425	Community safety score (Wales)
p26416	Crime score (England)
p26434	Crime score (Scotland)
p26414	Education score (England)
p26431	Education score (Scotland)
p26421	Education score (Wales)
p26412	Employment score (England)
p26429	Employment score (Scotland)
p26419	Employment score (Wales)
p26413	Health score (England)
p26430	Health score (Scotland)
p26420	Health score (Wales)
p26415	Housing score (England)
p26432	Housing score (Scotland)
p26423	Housing score (Wales)
p26411	Income score (England)
p26428	Income score (Scotland)
p26418	Income score (Wales)
p26410	Index of Multiple Deprivation (England)
p26427	Index of Multiple Deprivation (Scotland)
p26426	Index of Multiple Deprivation (Wales)
p26417	Living environment score (England)
p26424	Physical environment score (Wales)
p20118_i0	Home area population density - urban or rural | Instance 0
p54_i0	UK Biobank assessment centre | Instance 0
p53_i0	Date of attending assessment centre | Instance 0
p55_i0	Month of attending assessment centre | Instance 0
p21003_i0	Age when attended assessment centre | Instance 0
p54_i1	UK Biobank assessment centre | Instance 1
p53_i1	Date of attending assessment centre | Instance 1
p55_i1	Month of attending assessment centre | Instance 1
p21003_i1	Age when attended assessment centre | Instance 1
p54_i2	UK Biobank assessment centre | Instance 2
p53_i2	Date of attending assessment centre | Instance 2
p55_i2	Month of attending assessment centre | Instance 2
p21003_i2	Age when attended assessment centre | Instance 2
p54_i3	UK Biobank assessment centre | Instance 3
p53_i3	Date of attending assessment centre | Instance 3
p55_i3	Month of attending assessment centre | Instance 3
p21003_i3	Age when attended assessment centre | Instance 3
p24419_i2	Measure of head motion in T1 structural image | Instance 2
p24419_i3	Measure of head motion in T1 structural image | Instance 3
p22009_a1	Genetic principal components | Array 1
p22009_a2	Genetic principal components | Array 2
p22009_a3	Genetic principal components | Array 3
p22009_a4	Genetic principal components | Array 4
p22009_a5	Genetic principal components | Array 5
p22009_a6	Genetic principal components | Array 6
p22009_a7	Genetic principal components | Array 7
p22009_a8	Genetic principal components | Array 8
p22009_a9	Genetic principal components | Array 9
p22009_a10	Genetic principal components | Array 10
p22009_a11	Genetic principal components | Array 11
p22009_a12	Genetic principal components | Array 12
p22009_a13	Genetic principal components | Array 13
p22009_a14	Genetic principal components | Array 14
p22009_a15	Genetic principal components | Array 15
p22009_a16	Genetic principal components | Array 16
p22009_a17	Genetic principal components | Array 17
p22009_a18	Genetic principal components | Array 18
p22009_a19	Genetic principal components | Array 19
p22009_a20	Genetic principal components | Array 20
p22009_a21	Genetic principal components | Array 21
p22009_a22	Genetic principal components | Array 22
p22009_a23	Genetic principal components | Array 23
p22009_a24	Genetic principal components | Array 24
p22009_a25	Genetic principal components | Array 25
p22009_a26	Genetic principal components | Array 26
p22009_a27	Genetic principal components | Array 27
p22009_a28	Genetic principal components | Array 28
p22009_a29	Genetic principal components | Array 29
p22009_a30	Genetic principal components | Array 30
p22009_a31	Genetic principal components | Array 31
p22009_a32	Genetic principal components | Array 32
p22009_a33	Genetic principal components | Array 33
p22009_a34	Genetic principal components | Array 34
p22009_a35	Genetic principal components | Array 35
p22009_a36	Genetic principal components | Array 36
p22009_a37	Genetic principal components | Array 37
p22009_a38	Genetic principal components | Array 38
p22009_a39	Genetic principal components | Array 39
p22009_a40	Genetic principal components | Array 40
